DATE,TIME,SITE,PROBE_ID,Barometer,Cond,Sp_Cond,Sal,nLFCond,TDS,Temp,Sigma,Sigma.1,ODO,ODO.1,ODO.2,Turbidity,TSS,pH,pH.1,ORP,Pressure,Depth,Vertical_Position
6/24/2019,8:48:11 AM,Trout Bog,,707.8,16.9,18.5,0.01,18.7,12,68.8,-1.9,-1.9,76.9,6.93,82.5,-1.47,0,5.31,65.1,193.5,0.001,0.273,0.272
6/24/2019,8:48:13 AM,Trout Bog,,707.8,17,18.6,0.01,18.7,12,68.8,-1.9,-1.9,76.8,6.92,82.4,-1.43,0,5.12,76.3,210.7,0,0.272,0.275
6/24/2019,8:48:15 AM,Trout Bog,,707.8,17.1,18.7,0.01,18.9,12,68.8,-1.9,-1.9,76.7,6.91,82.4,-1.44,0,5.09,77.9,210.4,0.001,0.273,0.27
6/24/2019,8:48:17 AM,Trout Bog,,707.8,17.2,18.8,0.01,19,12,68.8,-1.9,-1.9,76.7,6.91,82.3,-1.43,0,5.09,77.6,209.1,0.002,0.273,0.273
6/24/2019,8:48:19 AM,Trout Bog,,707.9,17.3,18.9,0.01,19.1,12,68.8,-1.9,-1.9,76.6,6.9,82.2,-1.38,0,5.09,77.8,208.3,0.002,0.273,0.273
6/24/2019,8:48:21 AM,Trout Bog,,707.8,17.3,19,0.01,19.1,12,68.8,-1.9,-1.9,76.5,6.89,82.1,-1.34,0,5.09,78,208.2,0,0.272,0.275
6/24/2019,8:48:23 AM,Trout Bog,,707.8,17.3,19,0.01,19.1,12,68.8,-1.9,-1.9,76.4,6.89,82.1,-1.31,0,5.08,78.4,208.3,0.003,0.274,0.273
6/24/2019,8:48:25 AM,Trout Bog,,707.8,17.3,19,0.01,19.1,12,68.8,-1.9,-1.9,76.4,6.89,82,-1.27,0,5.08,78.7,208.4,0.004,0.275,0.285
6/24/2019,8:48:27 AM,Trout Bog,,707.8,17.3,19,0.01,19.2,12,68.7,-1.9,-1.9,76.3,6.88,82,-1.27,0,5.07,79,208.7,0.005,0.275,0.304
6/24/2019,8:48:29 AM,Trout Bog,,707.8,17.3,19,0.01,19.1,12,68.7,-1.9,-1.9,76.3,6.88,81.9,-1.25,0,5.06,79.4,208.9,0.009,0.278,0.337
6/24/2019,8:48:31 AM,Trout Bog,,707.8,17.3,19,0.01,19.1,12,68.7,-1.9,-1.9,76.2,6.88,81.8,-1.23,0,5.06,79.8,209.2,0.013,0.281,0.357
6/24/2019,8:48:33 AM,Trout Bog,,707.8,17.3,19,0.01,19.1,12,68.6,-1.9,-1.9,76.2,6.88,81.8,-1.3,0,5.05,80.2,209.5,0.022,0.288,0.385
6/24/2019,8:48:35 AM,Trout Bog,,707.8,17.3,19,0.01,19.1,12,68.6,-1.9,-1.9,76.1,6.87,81.7,-1.34,0,5.04,80.5,209.8,0.033,0.295,0.411
6/24/2019,8:48:37 AM,Trout Bog,,707.8,17.3,19,0.01,19.1,12,68.6,-1.9,-1.9,76.1,6.87,81.7,-1.36,0,5.04,80.9,210.2,0.046,0.304,0.438
6/24/2019,8:48:39 AM,Trout Bog,,707.8,17.3,19,0.01,19.1,12,68.6,-1.9,-1.9,76,6.87,81.6,-1.39,0,5.03,81.4,210.6,0.057,0.312,0.455
6/24/2019,8:48:41 AM,Trout Bog,,707.8,17.3,19,0.01,19.2,12,68.6,-1.8,-1.8,76,6.87,81.6,-1.4,0,5.01,82.2,211.2,0.071,0.322,0.478
6/24/2019,8:48:43 AM,Trout Bog,,707.8,17.3,19,0.01,19.2,12,68.5,-1.8,-1.8,76,6.87,81.6,-1.41,0,5,83,211.9,0.089,0.335,0.502
6/24/2019,8:48:45 AM,Trout Bog,,707.8,17.3,19,0.01,19.2,12,68.4,-1.8,-1.8,75.9,6.87,81.5,-1.44,0,4.98,83.8,212.6,0.106,0.347,0.515
6/24/2019,8:48:47 AM,Trout Bog,,707.8,17.3,19.1,0.01,19.2,12,68.3,-1.8,-1.8,75.8,6.87,81.4,-1.46,0,4.97,84.6,213.4,0.126,0.361,0.534
6/24/2019,8:48:49 AM,Trout Bog,,707.8,17.3,19.1,0.01,19.3,12,68.3,-1.8,-1.8,75.6,6.86,81.2,-1.45,0,4.96,85.4,214.1,0.146,0.375,0.549
6/24/2019,8:48:51 AM,Trout Bog,,707.8,17.4,19.2,0.01,19.3,12,68.1,-1.8,-1.8,75.3,6.83,80.8,-1.45,0,4.94,86.3,214.9,0.169,0.391,0.569
6/24/2019,8:48:53 AM,Trout Bog,,707.8,17.4,19.2,0.01,19.4,12,68,-1.8,-1.8,71.3,6.48,76.5,-1.44,0,4.93,87.1,215.6,0.192,0.408,0.594
6/24/2019,8:48:55 AM,Trout Bog,,707.8,17.4,19.3,0.01,19.4,13,67.9,-1.8,-1.8,70.3,6.4,75.5,-1.46,0,4.91,87.9,216.4,0.221,0.428,0.622
6/24/2019,8:48:57 AM,Trout Bog,,707.8,17.4,19.3,0.01,19.5,13,67.7,-1.8,-1.8,69.6,6.35,74.7,-1.46,0,4.9,88.6,217.1,0.246,0.445,0.66
6/24/2019,8:48:59 AM,Trout Bog,,707.8,17.5,19.4,0.01,19.6,13,67.6,-1.7,-1.7,69,6.3,74.1,-1.44,0,4.89,89.3,217.9,0.277,0.467,0.69
6/24/2019,8:49:01 AM,Trout Bog,,707.8,17.5,19.5,0.01,19.6,13,67.5,-1.7,-1.7,68.2,6.24,73.3,-1.42,0,4.87,90,218.6,0.308,0.489,0.719
6/24/2019,8:49:03 AM,Trout Bog,,707.8,17.5,19.5,0.01,19.7,13,67.3,-1.7,-1.7,64.2,5.88,68.9,-1.41,0,4.86,90.6,219.3,0.344,0.515,0.746
6/24/2019,8:49:05 AM,Trout Bog,,707.8,17.5,19.6,0.01,19.8,13,67.1,-1.7,-1.7,62.4,5.73,67,-1.41,0,4.85,91.2,220,0.379,0.539,0.768
6/24/2019,8:49:07 AM,Trout Bog,,707.8,17.6,19.7,0.01,19.9,13,66.9,-1.7,-1.7,61.1,5.62,65.6,-1.37,0,4.84,91.7,220.7,0.414,0.563,0.802
6/24/2019,8:49:09 AM,Trout Bog,,707.8,17.7,19.9,0.01,20.1,13,66.6,-1.6,-1.6,59.6,5.5,64,-1.3,0,4.83,92.3,221.5,0.448,0.588,0.824
6/24/2019,8:49:11 AM,Trout Bog,,707.8,17.8,20.1,0.01,20.3,13,66.2,-1.6,-1.6,55.1,5.11,59.2,-1.22,0,4.82,92.8,222.2,0.479,0.61,0.838
6/24/2019,8:49:13 AM,Trout Bog,,707.8,17.9,20.8,0.01,21.1,14,63.9,-1.3,-1.3,53.2,5.06,57.1,-1.17,0,4.8,93.4,222.9,0.515,0.634,0.861
6/24/2019,8:49:15 AM,Trout Bog,,707.8,18,21,0.01,21.2,14,63.8,-1.3,-1.3,51.4,4.9,55.2,-1.12,0,4.79,94,223.7,0.545,0.655,0.872
6/24/2019,8:49:17 AM,Trout Bog,,707.8,18.2,21.2,0.01,21.4,14,63.6,-1.3,-1.3,49.9,4.76,53.6,-1.11,0,4.77,94.6,224.4,0.579,0.68,0.893
6/24/2019,8:49:19 AM,Trout Bog,,707.8,18.3,21.4,0.01,21.7,14,63.3,-1.3,-1.3,45.1,4.32,48.4,-1.09,0,4.76,95.2,225.2,0.61,0.701,0.908
6/24/2019,8:49:21 AM,Trout Bog,,707.8,18.4,21.5,0.01,21.8,14,63.2,-1.3,-1.3,42,4.03,45.1,-1.08,0,4.75,95.9,226,0.645,0.726,0.929
6/24/2019,8:49:23 AM,Trout Bog,,707.8,18.4,21.6,0.01,21.9,14,63,-1.3,-1.2,40,3.85,43,-1.12,0,4.74,96.5,226.7,0.676,0.748,0.957
6/24/2019,8:49:25 AM,Trout Bog,,707.9,18.6,21.9,0.01,22.2,14,62.8,-1.2,-1.2,34.8,3.35,37.4,-1.19,0,4.73,97.1,227.4,0.71,0.772,0.969
6/24/2019,8:49:27 AM,Trout Bog,,707.9,18.7,22.1,0.01,22.4,14,62.7,-1.2,-1.2,31,2.99,33.3,-1.25,0,4.71,97.8,228.1,0.742,0.795,0.984
6/24/2019,8:49:29 AM,Trout Bog,,707.8,18.9,22.4,0.01,22.7,15,62.6,-1.2,-1.2,28.5,2.75,30.6,-1.29,0,4.7,98.5,228.8,0.776,0.818,1.013
6/24/2019,8:49:31 AM,Trout Bog,,707.9,19.2,22.8,0.01,23.1,15,62.2,-1.2,-1.2,26.2,2.54,28.1,-1.3,0,4.69,99.2,229.5,0.81,0.842,1.028
6/24/2019,8:49:33 AM,Trout Bog,,707.8,19.5,23.2,0.01,23.5,15,61.8,-1.1,-1.1,20.8,2.03,22.4,-1.31,0,4.67,99.9,230.2,0.842,0.865,1.046
6/24/2019,8:49:35 AM,Trout Bog,,707.8,19.8,23.8,0.01,24.1,15,61.4,-1.1,-1.1,18.8,1.84,20.2,-1.3,0,4.66,100.6,230.7,0.873,0.886,1.056
6/24/2019,8:49:37 AM,Trout Bog,,707.8,20.1,24.3,0.01,24.6,16,60.9,-1.1,-1.1,17.7,1.74,19,-1.31,0,4.65,101.2,231.1,0.9,0.906,1.073
6/24/2019,8:49:39 AM,Trout Bog,,707.8,20.4,24.7,0.01,25.1,16,60.5,-1,-1,16.8,1.66,18,-1.3,0,4.63,101.7,231.5,0.926,0.924,1.083
6/24/2019,8:49:41 AM,Trout Bog,,707.8,20.7,25.2,0.01,25.6,16,60,-1,-1,16.1,1.6,17.3,-1.3,0,4.62,102.3,231.8,0.956,0.945,1.094
6/24/2019,8:49:43 AM,Trout Bog,,707.8,20.9,25.7,0.01,26.1,17,59.5,-0.9,-0.9,15.4,1.55,16.6,-1.28,0,4.61,102.9,232,0.982,0.963,1.125
6/24/2019,8:49:45 AM,Trout Bog,,707.8,21.1,26.1,0.01,26.5,17,59,-0.9,-0.9,14.8,1.49,15.9,-1.27,0,4.6,103.4,232.1,1.008,0.981,1.161
6/24/2019,8:49:47 AM,Trout Bog,,707.8,21.2,26.4,0.01,26.8,17,58.6,-0.9,-0.8,11.1,1.12,11.9,-1.25,0,4.59,104,232.1,1.036,1.001,1.184
6/24/2019,8:49:49 AM,Trout Bog,,707.8,21.3,26.7,0.01,27.1,17,58.2,-0.8,-0.8,10.3,1.05,11,-1.28,0,4.57,104.5,232,1.061,1.019,1.209
6/24/2019,8:49:51 AM,Trout Bog,,707.8,21.4,27,0.01,27.4,18,57.7,-0.8,-0.8,9.8,1,10.5,-1.27,0,4.56,105,231.9,1.092,1.04,1.255
6/24/2019,8:49:53 AM,Trout Bog,,707.8,21.6,27.3,0.01,27.7,18,57.3,-0.8,-0.7,9.4,0.97,10.1,-1.26,0,4.55,105.6,231.8,1.12,1.06,1.273
6/24/2019,8:49:55 AM,Trout Bog,,707.8,21.7,27.6,0.01,28,18,56.9,-0.7,-0.7,9,0.93,9.7,-1.26,0,4.54,106.1,231.6,1.152,1.082,1.291
6/24/2019,8:49:57 AM,Trout Bog,,707.8,21.8,28.5,0.01,29,19,54.8,-0.6,-0.6,8.7,0.92,9.3,-1.27,0,4.52,106.5,231.4,1.181,1.103,1.311
6/24/2019,8:49:59 AM,Trout Bog,,707.8,21.9,28.8,0.01,29.3,19,54.5,-0.5,-0.5,8.4,0.9,9,-1.28,0,4.51,107,231.3,1.214,1.126,1.338
6/24/2019,8:50:01 AM,Trout Bog,,707.8,22,29.1,0.01,29.6,19,54.1,-0.5,-0.5,8.1,0.87,8.7,-1.29,0,4.5,107.4,231.2,1.242,1.146,1.375
6/24/2019,8:50:03 AM,Trout Bog,,707.8,22.1,29.4,0.01,30,19,53.6,-0.5,-0.5,7.7,0.83,8.3,-1.27,0,4.49,107.8,231.1,1.276,1.17,1.413
6/24/2019,8:50:05 AM,Trout Bog,,707.8,22.2,29.7,0.01,30.2,19,53.2,-0.5,-0.5,7.2,0.78,7.8,-1.26,0,4.48,108.2,231.1,1.309,1.193,1.437
6/24/2019,8:50:07 AM,Trout Bog,,707.8,22.2,29.8,0.01,30.4,19,52.9,-0.4,-0.4,6.8,0.74,7.3,-1.24,0,4.47,108.6,231.2,1.345,1.218,1.485
6/24/2019,8:50:09 AM,Trout Bog,,707.9,22.2,30,0.01,30.5,19,52.6,-0.4,-0.4,6.4,0.69,6.8,-1.26,0,4.47,109,231.4,1.381,1.243,1.501
6/24/2019,8:50:11 AM,Trout Bog,,707.8,22.2,30.1,0.01,30.6,20,52.3,-0.4,-0.4,6,0.66,6.4,-1.26,0,4.46,109.4,231.6,1.413,1.266,1.527
6/24/2019,8:50:13 AM,Trout Bog,,707.8,22.2,30.2,0.01,30.7,20,52,-0.4,-0.4,5.7,0.62,6.1,-1.25,0,4.45,109.8,232,1.454,1.295,1.549
6/24/2019,8:50:15 AM,Trout Bog,,707.7,22.2,30.4,0.01,30.9,20,51.6,-0.4,-0.4,5.4,0.59,5.8,-1.26,0,4.44,110.1,232.4,1.489,1.319,1.558
6/24/2019,8:50:17 AM,Trout Bog,,707.8,22.2,30.6,0.01,31.1,20,51.2,-0.4,-0.3,5.1,0.57,5.5,-1.28,0,4.43,110.5,232.9,1.526,1.345,1.568
6/24/2019,8:50:19 AM,Trout Bog,,707.8,22.2,30.7,0.01,31.3,20,50.9,-0.3,-0.3,4.9,0.54,5.2,-1.31,0,4.43,110.8,233.4,1.566,1.373,1.583
6/24/2019,8:50:21 AM,Trout Bog,,707.8,22.2,30.8,0.01,31.3,20,50.6,-0.3,-0.3,4.7,0.52,5,-1.32,0,4.42,111.1,233.9,1.6,1.397,1.636
6/24/2019,8:50:23 AM,Trout Bog,,707.8,22.1,30.8,0.01,31.4,20,50.3,-0.3,-0.3,4.5,0.51,4.8,-1.33,0,4.41,111.3,234.5,1.635,1.422,1.641
6/24/2019,8:50:25 AM,Trout Bog,,707.8,22,30.8,0.01,31.4,20,50,-0.3,-0.3,4.3,0.49,4.7,-1.29,0,4.41,111.5,235.1,1.674,1.45,1.665
6/24/2019,8:50:27 AM,Trout Bog,,707.8,21.9,30.8,0.01,31.4,20,49.7,-0.3,-0.3,4.2,0.47,4.5,-1.27,0,4.4,111.7,235.4,1.709,1.474,1.685
6/24/2019,8:50:29 AM,Trout Bog,,707.8,21.7,30.7,0.01,31.3,20,49.4,-0.3,-0.3,4,0.46,4.3,-1.25,0,4.4,111.9,235.5,1.744,1.499,1.712
6/24/2019,8:50:31 AM,Trout Bog,,707.8,21.5,30.6,0.01,31.1,20,49,-0.2,-0.2,3.9,0.45,4.2,-1.21,0,4.39,112,235.3,1.777,1.522,1.723
6/24/2019,8:50:33 AM,Trout Bog,,707.8,21.3,30.4,0.01,30.9,20,48.7,-0.2,-0.2,3.8,0.44,4.1,-1.19,0,4.39,112,234.8,1.814,1.548,1.748
6/24/2019,8:50:35 AM,Trout Bog,,707.8,20.9,30,0.01,30.5,20,48.4,-0.2,-0.2,3.7,0.43,4,-1.17,0,4.39,112,234,1.846,1.57,1.764
6/24/2019,8:50:37 AM,Trout Bog,,707.8,20.6,29.6,0.01,30.2,19,48.1,-0.2,-0.2,3.6,0.41,3.8,-1.14,0,4.39,112,220.1,1.88,1.594,1.801
6/24/2019,8:50:39 AM,Trout Bog,,707.8,20.1,29.2,0.01,29.7,19,47.8,-0.2,-0.2,3.5,0.4,3.7,-1.13,0,4.39,112,216.7,1.913,1.617,1.835
6/24/2019,8:50:41 AM,Trout Bog,,707.8,19.8,28.7,0.01,29.2,19,47.6,-0.2,-0.2,3.4,0.39,3.6,-1.15,0,4.39,111.9,215.2,1.946,1.641,1.829
6/24/2019,8:50:43 AM,Trout Bog,,707.8,19.4,28.3,0.01,28.8,18,47.4,-0.2,-0.2,3.3,0.38,3.5,-1.15,0,4.39,111.8,212.6,1.977,1.662,1.856
6/24/2019,8:50:45 AM,Trout Bog,,707.8,19.1,28,0.01,28.5,18,47.1,-0.2,-0.2,3.2,0.37,3.4,-1.15,0,4.39,111.7,210.6,2.005,1.682,1.872
6/24/2019,8:50:47 AM,Trout Bog,,707.8,18.9,27.8,0.01,28.2,18,46.8,-0.2,-0.1,3.1,0.36,3.3,-1.14,0,4.39,111.6,208.4,2.035,1.703,1.887
6/24/2019,8:50:49 AM,Trout Bog,,707.8,18.6,27.5,0.01,27.9,18,46.6,-0.1,-0.1,3,0.35,3.2,-1.14,0,4.39,111.5,194.6,2.063,1.723,1.923
6/24/2019,8:50:51 AM,Trout Bog,,707.8,18.4,27.2,0.01,27.7,18,46.3,-0.1,-0.1,2.9,0.34,3.1,-1.13,0,4.39,111.3,188.7,2.094,1.744,1.932
6/24/2019,8:50:53 AM,Trout Bog,,707.7,18.1,27,0.01,27.4,18,46.1,-0.1,-0.1,2.8,0.33,3,-1.12,0,4.4,111.1,186.2,2.123,1.765,1.987
6/24/2019,8:50:55 AM,Trout Bog,,707.8,17.8,26.7,0.01,27.2,17,45.7,-0.1,-0.1,2.7,0.33,2.9,-1.12,0,4.4,110.9,182.9,2.16,1.791,2.041
6/24/2019,8:50:57 AM,Trout Bog,,707.7,17.5,26.4,0.01,26.8,17,45.4,-0.1,-0.1,2.7,0.32,2.9,-1.1,0,4.4,110.6,180.2,2.196,1.816,2.09
6/24/2019,8:50:59 AM,Trout Bog,,707.8,17.2,26,0.01,26.5,17,45,-0.1,-0.1,2.6,0.31,2.8,-1.1,0,4.4,110.3,169.2,2.231,1.841,2.12
6/24/2019,8:51:01 AM,Trout Bog,,707.8,16.9,25.7,0.01,26.1,17,44.7,-0.1,-0.1,2.5,0.3,2.7,-1.08,0,4.41,110,165.8,2.27,1.868,2.171
6/24/2019,8:51:03 AM,Trout Bog,,707.8,16.6,25.4,0.01,25.8,17,44.3,-0.1,-0.1,2.5,0.3,2.6,-1.08,0,4.41,109.7,163.9,2.314,1.899,2.242
6/24/2019,8:51:05 AM,Trout Bog,,707.8,16.3,25.1,0.01,25.5,16,44,-0.1,-0.1,2.4,0.29,2.6,-1.05,0,4.42,109.4,161.5,2.355,1.928,2.256
6/24/2019,8:51:07 AM,Trout Bog,,707.9,16.1,24.8,0.01,25.2,16,43.7,-0.1,-0.1,2.3,0.29,2.5,-1.04,0,4.42,109.1,159.6,2.401,1.96,2.277
6/24/2019,8:51:09 AM,Trout Bog,,707.8,15.9,24.7,0.01,25.1,16,43.4,-0.1,0,2.3,0.28,2.5,-1.02,0,4.42,108.8,158.2,2.443,1.99,2.316
6/24/2019,8:51:11 AM,Trout Bog,,707.8,15.8,24.6,0.01,25,16,43.2,-0.1,0,2.3,0.28,2.4,-1.01,0,4.43,108.5,156.8,2.49,2.023,2.358
6/24/2019,8:51:13 AM,Trout Bog,,707.8,15.7,24.6,0.01,24.9,16,42.9,-0.1,0,2.2,0.28,2.4,-1.01,0,4.43,108.2,147.4,2.534,2.054,2.393
6/24/2019,8:51:15 AM,Trout Bog,,707.8,15.6,24.6,0.01,25,16,42.6,0,0,2.2,0.27,2.3,-0.98,0,4.43,108,144.9,2.579,2.085,2.412
6/24/2019,8:51:17 AM,Trout Bog,,707.8,15.6,24.6,0.01,25,16,42.4,0,0,2.1,0.27,2.3,-0.98,0,4.44,107.9,143.8,2.627,2.119,2.443
6/24/2019,8:51:19 AM,Trout Bog,,707.8,15.5,24.6,0.01,25,16,42.1,0,0,2.1,0.26,2.3,-0.99,0,4.44,107.8,142.6,2.676,2.154,2.474
6/24/2019,8:51:21 AM,Trout Bog,,707.8,15.5,24.7,0.01,25,16,41.8,0,0,2.1,0.26,2.2,-1,0,4.44,107.7,141.6,2.725,2.188,2.501
6/24/2019,8:51:23 AM,Trout Bog,,707.8,15.4,24.7,0.01,25,16,41.6,0,0,2,0.26,2.2,-1,0,4.44,107.7,140.6,2.77,2.22,2.517
6/24/2019,8:51:25 AM,Trout Bog,,707.8,15.4,24.7,0.01,25,16,41.5,0,0,2,0.26,2.2,-0.99,0,4.43,107.7,139.6,2.824,2.257,2.545
6/24/2019,8:51:27 AM,Trout Bog,,707.8,15.3,24.7,0.01,25,16,41.4,0,0,2,0.25,2.1,-0.97,0,4.43,107.7,138.6,2.868,2.289,2.561
6/24/2019,8:51:29 AM,Trout Bog,,707.8,15.3,24.7,0.01,25,16,41.3,0,0,2,0.25,2.1,-0.97,0,4.43,107.8,137.6,2.921,2.326,2.584
6/24/2019,8:51:31 AM,Trout Bog,,707.8,15.3,24.7,0.01,25,16,41.3,0,0,2,0.25,2.1,-0.96,0,4.43,107.8,129.6,2.966,2.358,2.616
6/24/2019,8:51:33 AM,Trout Bog,,707.8,15.3,24.7,0.01,25,16,41.2,0,0,1.9,0.25,2.1,-0.95,0,4.43,107.9,128.5,3.014,2.391,2.657
6/24/2019,8:51:35 AM,Trout Bog,,707.8,15.3,24.7,0.01,25,16,41.1,0,0,1.9,0.24,2.1,-0.95,0,4.43,108,127.5,3.056,2.421,2.693
6/24/2019,8:51:37 AM,Trout Bog,,707.8,15.2,24.7,0.01,25,16,40.9,0,0,1.9,0.24,2,-0.94,0,4.42,108.1,126.6,3.103,2.454,2.716
6/24/2019,8:51:39 AM,Trout Bog,,707.8,15.2,24.7,0.01,25,16,40.8,0,0,1.9,0.24,2,-0.95,0,4.42,108.2,125.8,3.145,2.484,2.748
6/24/2019,8:51:41 AM,Trout Bog,,707.8,15.1,24.6,0.01,25,16,40.7,0,0,1.8,0.24,2,-0.96,0,4.42,108.3,125.2,3.187,2.513,2.799
6/24/2019,8:51:43 AM,Trout Bog,,707.8,15.1,24.6,0.01,25,16,40.6,0,0,1.8,0.23,2,-0.97,0,4.42,108.4,124.7,3.23,2.543,2.847
6/24/2019,8:51:45 AM,Trout Bog,,707.8,15.1,24.6,0.01,25,16,40.5,0,0,1.8,0.23,1.9,-0.98,0,4.41,108.5,124.1,3.274,2.574,2.898
6/24/2019,8:51:47 AM,Trout Bog,,707.7,15,24.6,0.01,24.9,16,40.4,0,0,1.8,0.23,1.9,-1,0,4.41,108.5,123.4,3.324,2.609,2.94
6/24/2019,8:51:49 AM,Trout Bog,,707.8,15,24.5,0.01,24.9,16,40.3,0,0,1.8,0.23,1.9,-1,0,4.41,108.6,117.1,3.368,2.64,2.971
6/24/2019,8:51:51 AM,Trout Bog,,707.8,14.9,24.4,0.01,24.8,16,40.2,0,0,1.7,0.22,1.9,-1.03,0,4.41,108.5,115.5,3.415,2.673,3.01
6/24/2019,8:51:53 AM,Trout Bog,,707.8,14.8,24.4,0.01,24.7,16,40.1,0,0,1.7,0.22,1.8,-1.04,0,4.41,108.5,115.1,3.46,2.705,3.041
6/24/2019,8:51:55 AM,Trout Bog,,707.8,14.8,24.3,0.01,24.7,16,40.1,0,0,1.7,0.22,1.8,-1.05,0,4.41,108.4,114.4,3.509,2.739,3.065
6/24/2019,8:51:57 AM,Trout Bog,,707.8,14.7,24.2,0.01,24.6,16,40,0,0,1.7,0.22,1.8,-1.05,0,4.41,108.4,113.8,3.553,2.77,3.09
6/24/2019,8:51:59 AM,Trout Bog,,707.8,14.7,24.2,0.01,24.5,16,40,0,0,1.7,0.22,1.8,-1.05,0,4.42,108.3,113.3,3.603,2.805,3.11
6/24/2019,8:52:01 AM,Trout Bog,,707.8,14.7,24.1,0.01,24.4,16,40,0,0,1.7,0.21,1.8,-1.06,0,4.42,108.2,112.8,3.646,2.836,3.118
6/24/2019,8:52:03 AM,Trout Bog,,707.8,14.6,24.1,0.01,24.4,16,40.1,0,0,1.6,0.21,1.8,-1.08,0,4.42,108.2,112.3,3.694,2.869,3.143
6/24/2019,8:52:05 AM,Trout Bog,,707.8,14.6,24,0.01,24.4,16,40.2,0,0,1.6,0.21,1.7,-1.07,0,4.42,108.1,111.8,3.737,2.899,3.162
6/24/2019,8:52:07 AM,Trout Bog,,707.8,14.6,24,0.01,24.3,16,40.2,0,0,1.6,0.21,1.7,-1.07,0,4.42,108.1,111.4,3.784,2.933,3.176
6/24/2019,8:52:09 AM,Trout Bog,,707.8,14.6,24,0.01,24.3,16,40.2,0,0,1.6,0.2,1.7,-1.08,0,4.42,108.1,111,3.825,2.962,3.191
6/24/2019,8:52:11 AM,Trout Bog,,707.9,14.6,24,0.01,24.3,16,40.2,0,0,1.6,0.2,1.7,-1.09,0,4.42,108.1,110.6,3.868,2.992,3.213
6/24/2019,8:52:13 AM,Trout Bog,,707.8,14.6,24,0.01,24.4,16,40.1,0,0,1.5,0.2,1.7,-1.1,0,4.42,108.1,110.3,3.907,3.019,3.237
6/24/2019,8:52:15 AM,Trout Bog,,707.8,14.7,24.1,0.01,24.4,16,40.1,0,0,1.5,0.2,1.6,-1.09,0,4.42,108.2,109.7,3.95,3.05,3.271
6/24/2019,8:52:17 AM,Trout Bog,,707.8,14.7,24.1,0.01,24.5,16,40,0,0,1.5,0.2,1.6,-1.09,0,4.42,108.3,109,3.99,3.078,3.299
6/24/2019,8:52:19 AM,Trout Bog,,707.8,14.7,24.2,0.01,24.5,16,39.9,0,0,1.5,0.2,1.6,-1.1,0,4.41,108.3,108.3,4.028,3.104,3.312
6/24/2019,8:52:21 AM,Trout Bog,,707.7,14.7,24.2,0.01,24.6,16,39.8,0,0,1.5,0.19,1.6,-1.1,0,4.41,108.4,107.7,4.068,3.132,3.34
6/24/2019,8:52:23 AM,Trout Bog,,707.8,14.7,24.3,0.01,24.6,16,39.8,0,0,1.5,0.19,1.6,-1.11,0,4.41,108.5,107.1,4.101,3.156,3.358
6/24/2019,8:52:25 AM,Trout Bog,,707.8,14.7,24.3,0.01,24.6,16,39.7,0,0,1.5,0.19,1.6,-1.1,0,4.41,108.5,106.5,4.136,3.18,3.377
6/24/2019,8:52:27 AM,Trout Bog,,707.8,14.7,24.3,0.01,24.6,16,39.7,0,0,1.5,0.19,1.6,-1.1,0,4.41,108.6,106,4.166,3.201,3.39
6/24/2019,8:52:29 AM,Trout Bog,,707.8,14.7,24.3,0.01,24.6,16,39.7,0,0,1.5,0.19,1.6,-1.1,0,4.41,108.6,105.5,4.197,3.223,3.399
6/24/2019,8:52:31 AM,Trout Bog,,707.8,14.7,24.3,0.01,24.7,16,39.7,0,0,1.5,0.19,1.6,-1.09,0,4.41,108.6,105.1,4.222,3.241,3.409
6/24/2019,8:52:33 AM,Trout Bog,,707.8,14.7,24.3,0.01,24.7,16,39.6,0,0,1.4,0.19,1.6,-1.09,0,4.41,108.7,104.6,4.252,3.262,3.427
6/24/2019,8:52:35 AM,Trout Bog,,707.8,14.7,24.4,0.01,24.7,16,39.6,0,0,1.4,0.19,1.5,-1.07,0,4.41,108.7,104.2,4.277,3.279,3.439
6/24/2019,8:52:37 AM,Trout Bog,,707.8,14.7,24.4,0.01,24.7,16,39.5,0,0,1.4,0.19,1.5,-1.06,0,4.4,108.8,103.8,4.303,3.298,3.452
6/24/2019,8:52:39 AM,Trout Bog,,707.8,14.7,24.3,0.01,24.7,16,39.5,0,0,1.4,0.19,1.5,-1.06,0,4.4,108.8,103.4,4.327,3.315,3.458
6/24/2019,8:52:41 AM,Trout Bog,,707.8,14.6,24.3,0.01,24.6,16,39.5,0,0,1.4,0.19,1.5,-1.07,0,4.4,108.9,103,4.352,3.332,3.469
6/24/2019,8:52:43 AM,Trout Bog,,707.8,14.6,24.3,0.01,24.6,16,39.5,0,0,1.4,0.19,1.5,-1.09,0,4.4,108.9,102.6,4.379,3.351,3.49
6/24/2019,8:52:45 AM,Trout Bog,,707.8,14.6,24.2,0.01,24.6,16,39.5,0,0,1.4,0.19,1.5,-1.09,0,4.4,109,102.2,4.406,3.37,3.528
6/24/2019,8:52:47 AM,Trout Bog,,707.8,14.6,24.2,0.01,24.6,16,39.5,0,0,1.4,0.19,1.5,-1.11,0,4.4,109,101.8,4.429,3.387,3.541
6/24/2019,8:52:49 AM,Trout Bog,,707.8,14.6,24.2,0.01,24.5,16,39.5,0,0,1.4,0.19,1.5,-1.12,0,4.4,109.1,101.3,4.457,3.406,3.553
6/24/2019,8:52:51 AM,Trout Bog,,707.8,14.6,24.2,0.01,24.5,16,39.5,0,0,1.4,0.18,1.5,-1.12,0,4.4,109.1,100.8,4.48,3.422,3.573
6/24/2019,8:52:53 AM,Trout Bog,,707.8,14.6,24.2,0.01,24.5,16,39.4,0,0,1.4,0.18,1.5,-1.13,0,4.4,109.2,100.4,4.505,3.44,3.596
6/24/2019,8:52:55 AM,Trout Bog,,707.8,14.6,24.2,0.01,24.5,16,39.4,0,0,1.4,0.18,1.5,-1.12,0,4.4,109.2,99.8,4.529,3.456,3.621
6/24/2019,8:52:57 AM,Trout Bog,,707.8,14.6,24.2,0.01,24.5,16,39.4,0,0,1.4,0.18,1.5,-1.11,0,4.4,109.2,99.3,4.552,3.473,3.642
6/24/2019,8:52:59 AM,Trout Bog,,707.8,14.6,24.2,0.01,24.5,16,39.4,0,0,1.4,0.18,1.5,-1.11,0,4.39,109.2,98.8,4.578,3.491,3.666
6/24/2019,8:53:01 AM,Trout Bog,,707.8,14.6,24.2,0.01,24.6,16,39.4,0,0,1.4,0.18,1.5,-1.1,0,4.39,109.3,98.3,4.603,3.508,3.685
6/24/2019,8:53:03 AM,Trout Bog,,707.8,14.6,24.2,0.01,24.6,16,39.4,0,0,1.4,0.18,1.4,-1.1,0,4.39,109.3,97.9,4.627,3.526,3.714
6/24/2019,8:53:05 AM,Trout Bog,,707.8,14.6,24.2,0.01,24.6,16,39.4,0,0,1.3,0.18,1.4,-1.11,0,4.39,109.4,97.5,4.653,3.544,3.734
6/24/2019,8:53:07 AM,Trout Bog,,707.8,14.6,24.2,0.01,24.6,16,39.4,0,0,1.3,0.17,1.4,-1.1,0,4.39,109.4,97.1,4.682,3.564,3.756
6/24/2019,8:53:09 AM,Trout Bog,,707.8,14.6,24.2,0.01,24.5,16,39.4,0,0,1.3,0.17,1.4,-1.11,0,4.39,109.4,96.7,4.706,3.581,3.767
6/24/2019,8:53:11 AM,Trout Bog,,707.8,14.6,24.2,0.01,24.5,16,39.4,0,0,1.3,0.17,1.4,-1.12,0,4.39,109.4,96.4,4.734,3.601,3.797
6/24/2019,8:53:13 AM,Trout Bog,,707.8,14.5,24.2,0.01,24.5,16,39.4,0,0,1.3,0.17,1.4,-1.12,0,4.39,109.5,96,4.761,3.62,3.824
6/24/2019,8:53:15 AM,Trout Bog,,707.9,14.5,24.2,0.01,24.5,16,39.4,0,0,1.3,0.17,1.4,-1.13,0,4.39,109.5,95.7,4.794,3.643,3.852
6/24/2019,8:53:17 AM,Trout Bog,,707.8,14.5,24.2,0.01,24.5,16,39.4,0,0,1.3,0.17,1.4,-1.15,0,4.39,109.5,95.3,4.823,3.663,3.874
6/24/2019,8:53:19 AM,Trout Bog,,707.8,14.5,24.2,0.01,24.5,16,39.5,0,0,1.3,0.17,1.4,-1.14,0,4.39,109.6,94.9,4.854,3.685,3.897
6/24/2019,8:53:21 AM,Trout Bog,,707.8,14.5,24.2,0.01,24.5,16,39.4,0,0,1.3,0.16,1.4,-1.14,0,4.39,109.6,94.6,4.887,3.708,3.931
6/24/2019,8:53:23 AM,Trout Bog,,707.8,14.5,24.1,0.01,24.5,16,39.5,0,0,1.2,0.16,1.3,-1.14,0,4.39,109.7,94.3,4.92,3.732,3.951
6/24/2019,8:53:25 AM,Trout Bog,,707.8,14.5,24.1,0.01,24.5,16,39.5,0,0,1.2,0.16,1.3,-1.13,0,4.39,109.7,93.9,4.953,3.755,3.98
6/24/2019,8:53:27 AM,Trout Bog,,707.8,14.5,24.1,0.01,24.5,16,39.5,0,0,1.2,0.16,1.3,-1.14,0,4.38,109.8,93.6,4.985,3.777,4
6/24/2019,8:53:29 AM,Trout Bog,,707.8,14.5,24.1,0.01,24.5,16,39.5,0,0,1.2,0.16,1.3,-1.14,0,4.38,109.9,93.3,5.021,3.802,4.024
6/24/2019,8:53:31 AM,Trout Bog,,707.8,14.5,24.2,0.01,24.5,16,39.5,0,0,1.2,0.16,1.3,-1.14,0,4.38,110,93.1,5.051,3.824,4.05
6/24/2019,8:53:33 AM,Trout Bog,,707.8,14.5,24.2,0.01,24.5,16,39.5,0,0,1.2,0.15,1.3,-1.14,0,4.38,110.1,92.8,5.088,3.849,4.085
6/24/2019,8:53:35 AM,Trout Bog,,707.8,14.5,24.2,0.01,24.5,16,39.5,0,0,1.2,0.15,1.3,-1.13,0,4.38,110.2,92.6,5.121,3.873,4.095
6/24/2019,8:53:37 AM,Trout Bog,,707.8,14.6,24.2,0.01,24.5,16,39.4,0,0,1.2,0.15,1.2,-1.13,0,4.37,110.4,92.4,5.156,3.897,4.119
6/24/2019,8:53:39 AM,Trout Bog,,707.9,14.6,24.2,0.01,24.5,16,39.4,0,0,1.1,0.15,1.2,-1.13,0,4.37,110.5,92.2,5.19,3.922,4.149
6/24/2019,8:53:41 AM,Trout Bog,,707.8,14.6,24.2,0.01,24.5,16,39.4,0,0,1.1,0.15,1.2,-1.12,0,4.37,110.6,92,5.226,3.947,4.158
6/24/2019,8:53:43 AM,Trout Bog,,707.8,14.6,24.2,0.01,24.6,16,39.4,0,0,1.1,0.15,1.2,-1.12,0,4.37,110.7,91.8,5.256,3.968,4.182
6/24/2019,8:53:45 AM,Trout Bog,,707.8,14.6,24.2,0.01,24.6,16,39.4,0,0,1.1,0.15,1.2,-1.11,0,4.37,110.8,91.6,5.293,3.994,4.199
6/24/2019,8:53:47 AM,Trout Bog,,707.8,14.6,24.2,0.01,24.6,16,39.4,0,0,1.1,0.15,1.2,-1.1,0,4.36,110.9,91.3,5.325,4.016,4.221
6/24/2019,8:53:49 AM,Trout Bog,,707.8,14.6,24.2,0.01,24.6,16,39.4,0,0,1.1,0.14,1.2,-1.11,0,4.36,110.9,91.1,5.359,4.04,4.25
6/24/2019,8:53:51 AM,Trout Bog,,707.8,14.6,24.2,0.01,24.6,16,39.4,0,0,1.1,0.14,1.2,-1.11,0,4.36,111,90.8,5.391,4.063,4.268
6/24/2019,8:53:53 AM,Trout Bog,,707.9,14.6,24.2,0.01,24.5,16,39.4,0,0,1.1,0.14,1.2,-1.11,0,4.36,111.1,90.6,5.424,4.086,4.286
6/24/2019,8:53:55 AM,Trout Bog,,707.8,14.6,24.2,0.01,24.6,16,39.4,0,0,1.1,0.14,1.1,-1.11,0,4.36,111.1,90.3,5.458,4.11,4.318
6/24/2019,8:53:57 AM,Trout Bog,,707.9,14.6,24.2,0.01,24.6,16,39.4,0,0,1.1,0.14,1.1,-1.12,0,4.36,111.1,90,5.49,4.132,4.34
6/24/2019,8:53:59 AM,Trout Bog,,707.8,14.6,24.2,0.01,24.6,16,39.4,0,0,1,0.14,1.1,-1.12,0,4.36,111.2,89.8,5.522,4.155,4.358
6/24/2019,8:54:01 AM,Trout Bog,,707.8,14.6,24.2,0.01,24.6,16,39.3,0,0,1,0.14,1.1,-1.12,0,4.36,111.2,89.5,5.553,4.176,4.376
6/24/2019,8:54:03 AM,Trout Bog,,707.8,14.6,24.3,0.01,24.6,16,39.3,0,0,1,0.14,1.1,-1.12,0,4.36,111.2,89.3,5.58,4.196,4.397
6/24/2019,8:54:05 AM,Trout Bog,,707.8,14.6,24.3,0.01,24.6,16,39.3,0,0,1,0.13,1.1,-1.12,0,4.36,111.2,89.1,5.618,4.222,4.418
6/24/2019,8:54:07 AM,Trout Bog,,707.8,14.6,24.3,0.01,24.6,16,39.3,0,0,1,0.13,1.1,-1.12,0,4.36,111.2,88.9,5.649,4.244,4.431
6/24/2019,8:54:09 AM,Trout Bog,,707.8,14.6,24.3,0.01,24.6,16,39.3,0,0,1,0.13,1.1,-1.12,0,4.36,111.3,88.8,5.678,4.265,4.448
6/24/2019,8:54:11 AM,Trout Bog,,707.8,14.6,24.3,0.01,24.6,16,39.3,0,0,1,0.13,1.1,-1.12,0,4.36,111.3,88.6,5.709,4.286,4.471
6/24/2019,8:54:13 AM,Trout Bog,,707.7,14.6,24.3,0.01,24.6,16,39.3,0,0,1,0.13,1.1,-1.12,0,4.36,111.3,88.5,5.736,4.305,4.488
6/24/2019,8:54:15 AM,Trout Bog,,707.8,14.6,24.3,0.01,24.6,16,39.3,0,0,1,0.13,1.1,-1.12,0,4.36,111.3,88.3,5.768,4.328,4.51
6/24/2019,8:54:17 AM,Trout Bog,,707.8,14.6,24.3,0.01,24.6,16,39.3,0,0,1,0.13,1.1,-1.12,0,4.36,111.3,88.1,5.794,4.346,4.528
6/24/2019,8:54:19 AM,Trout Bog,,707.8,14.6,24.3,0.01,24.6,16,39.3,0,0,1,0.13,1.1,-1.11,0,4.36,111.4,88,5.827,4.369,4.565
6/24/2019,8:54:21 AM,Trout Bog,,707.9,14.6,24.3,0.01,24.6,16,39.3,0,0,1,0.13,1.1,-1.11,0,4.35,111.4,87.8,5.854,4.389,4.585
6/24/2019,8:54:23 AM,Trout Bog,,707.8,14.6,24.3,0.01,24.6,16,39.3,0,0,1,0.13,1.1,-1.11,0,4.35,111.3,87.5,5.881,4.407,4.605
6/24/2019,8:54:25 AM,Trout Bog,,707.8,14.6,24.3,0.01,24.6,16,39.3,0,0,1,0.13,1.1,-1.11,0,4.36,111.3,87.3,5.916,4.432,4.63
6/24/2019,8:54:27 AM,Trout Bog,,707.8,14.6,24.3,0.01,24.6,16,39.3,0,0,1,0.14,1.1,-1.1,0,4.36,111.3,87.1,5.946,4.453,4.647
6/24/2019,8:54:29 AM,Trout Bog,,707.8,14.6,24.3,0.01,24.6,16,39.3,0,0,1,0.14,1.1,-1.11,0,4.36,111.3,86.9,5.979,4.476,4.694
6/24/2019,8:54:31 AM,Trout Bog,,707.8,14.6,24.3,0.01,24.6,16,39.3,0,0,1,0.14,1.1,-1.11,0,4.36,111.3,86.7,6.008,4.497,4.731
6/24/2019,8:54:33 AM,Trout Bog,,707.8,14.6,24.3,0.01,24.6,16,39.3,0,0,1,0.14,1.1,-1.12,0,4.36,111.3,86.5,6.046,4.523,4.775
6/24/2019,8:54:35 AM,Trout Bog,,707.8,14.5,24.3,0.01,24.6,16,39.3,0,0,1,0.14,1.1,-1.11,0,4.36,111.3,86.3,6.077,4.545,4.791
6/24/2019,8:54:37 AM,Trout Bog,,707.8,14.6,24.3,0.01,24.6,16,39.3,0,0,1,0.14,1.1,-1.12,0,4.36,111.3,86.1,6.115,4.572,4.841
6/24/2019,8:54:39 AM,Trout Bog,,707.8,14.6,24.3,0.01,24.6,16,39.3,0,0,1,0.13,1.1,-1.12,0,4.35,111.4,86,6.149,4.596,4.883
6/24/2019,8:54:41 AM,Trout Bog,,707.8,14.6,24.3,0.01,24.6,16,39.3,0,0,1,0.13,1.1,-1.13,0,4.35,111.4,85.9,6.189,4.624,4.91
6/24/2019,8:54:43 AM,Trout Bog,,707.8,14.6,24.3,0.01,24.6,16,39.3,0,0,1,0.13,1.1,-1.13,0,4.35,111.5,85.9,6.222,4.647,4.929
6/24/2019,8:54:45 AM,Trout Bog,,707.8,14.6,24.3,0.01,24.6,16,39.3,0,0,1,0.13,1.1,-1.12,0,4.35,111.6,85.9,6.259,4.673,4.949
6/24/2019,8:54:47 AM,Trout Bog,,707.8,14.6,24.3,0.01,24.6,16,39.3,0,0,1,0.13,1.1,-1.12,0,4.35,111.7,85.9,6.305,4.705,4.976
6/24/2019,8:54:49 AM,Trout Bog,,707.7,14.6,24.3,0.01,24.6,16,39.3,0,0,1,0.13,1.1,-1.13,0,4.35,111.8,85.9,6.347,4.735,4.987
6/24/2019,8:54:51 AM,Trout Bog,,707.8,14.6,24.3,0.01,24.7,16,39.3,0,0,1,0.13,1.1,-1.13,0,4.34,112,86,6.385,4.761,5.008
6/24/2019,8:54:53 AM,Trout Bog,,707.8,14.6,24.4,0.01,24.7,16,39.3,0,0,1,0.13,1.1,-1.13,0,4.34,112.1,86,6.418,4.785,5.026
6/24/2019,8:54:55 AM,Trout Bog,,707.9,14.6,24.4,0.01,24.7,16,39.3,0,0,1,0.13,1.1,-1.13,0,4.34,112.2,86.1,6.463,4.817,5.058
6/24/2019,8:54:57 AM,Trout Bog,,707.9,14.6,24.4,0.01,24.7,16,39.3,0,0,1,0.13,1,-1.14,0,4.34,112.3,86.1,6.5,4.842,5.103
6/24/2019,8:54:59 AM,Trout Bog,,707.8,14.7,24.4,0.01,24.8,16,39.3,0,0,1,0.13,1,-1.13,0,4.33,112.4,86.1,6.544,4.873,5.159
6/24/2019,8:55:01 AM,Trout Bog,,707.8,14.7,24.5,0.01,24.8,16,39.3,0,0,1,0.13,1,-1.13,0,4.33,112.5,86.1,6.582,4.9,5.173
6/24/2019,8:55:03 AM,Trout Bog,,707.8,14.7,24.5,0.01,24.8,16,39.3,0,0,0.9,0.12,1,-1.13,0,4.33,112.6,86,6.626,4.931,5.192
6/24/2019,8:55:05 AM,Trout Bog,,707.8,14.7,24.5,0.01,24.8,16,39.3,0,0,0.9,0.12,1,-1.12,0,4.33,112.6,85.9,6.672,4.963,5.215
6/24/2019,8:55:07 AM,Trout Bog,,707.8,14.7,24.5,0.01,24.8,16,39.3,0,0,0.9,0.12,1,-1.1,0,4.33,112.6,85.8,6.714,4.993,5.248
6/24/2019,8:55:09 AM,Trout Bog,,707.8,14.7,24.5,0.01,24.8,16,39.3,0,0,0.9,0.12,1,-1.1,0,4.33,112.6,85.6,6.754,5.021,5.281
6/24/2019,8:55:11 AM,Trout Bog,,707.8,14.7,24.5,0.01,24.8,16,39.3,0,0,0.9,0.12,1,-1.09,0,4.33,112.6,85.5,6.787,5.044,5.294
6/24/2019,8:55:13 AM,Trout Bog,,707.8,14.7,24.4,0.01,24.8,16,39.3,0,0,0.9,0.12,1,-1.11,0,4.33,112.6,85.3,6.832,5.076,5.314
6/24/2019,8:55:15 AM,Trout Bog,,707.8,14.7,24.4,0.01,24.8,16,39.3,0,0,0.9,0.12,1,-1.11,0,4.33,112.7,85.1,6.873,5.105,5.335
6/24/2019,8:55:17 AM,Trout Bog,,707.8,14.7,24.4,0.01,24.8,16,39.3,0,0,0.9,0.12,1,-1.11,0,4.33,112.7,84.9,6.902,5.125,5.354
6/24/2019,8:55:19 AM,Trout Bog,,707.8,14.7,24.4,0.01,24.8,16,39.3,0,0,0.9,0.12,1,-1.12,0,4.33,112.7,84.8,6.944,5.155,5.387
6/24/2019,8:55:21 AM,Trout Bog,,707.8,14.7,24.4,0.01,24.8,16,39.3,0,0,0.9,0.12,1,-1.12,0,4.33,112.8,84.6,6.977,5.178,5.41
6/24/2019,8:55:23 AM,Trout Bog,,707.8,14.7,24.5,0.01,24.8,16,39.3,0,0,0.9,0.12,0.9,-1.11,0,4.33,112.9,84.5,7.008,5.2,5.433
6/24/2019,8:55:25 AM,Trout Bog,,707.8,14.7,24.5,0.01,24.8,16,39.3,0,0,0.9,0.11,0.9,-1.11,0,4.33,113,84.4,7.046,5.226,5.46
6/24/2019,8:55:27 AM,Trout Bog,,707.8,14.7,24.5,0.01,24.8,16,39.3,0,0,0.9,0.11,0.9,-1.11,0,4.32,113.1,84.4,7.08,5.25,5.486
6/24/2019,8:55:29 AM,Trout Bog,,707.8,14.7,24.5,0.01,24.8,16,39.3,0,0,0.9,0.11,0.9,-1.11,0,4.32,113.2,84.3,7.122,5.28,5.518
6/24/2019,8:55:31 AM,Trout Bog,,707.9,14.7,24.5,0.01,24.8,16,39.3,0,0,0.8,0.11,0.9,-1.12,0,4.32,113.3,84.3,7.163,5.309,5.56
6/24/2019,8:55:33 AM,Trout Bog,,707.8,14.7,24.5,0.01,24.9,16,39.3,0,0,0.8,0.11,0.9,-1.11,0,4.32,113.4,84.2,7.207,5.339,5.598
6/24/2019,8:55:35 AM,Trout Bog,,707.8,14.7,24.6,0.01,24.9,16,39.3,0,0,0.8,0.11,0.9,-1.11,0,4.31,113.5,84.2,7.244,5.366,5.626
6/24/2019,8:55:37 AM,Trout Bog,,707.9,14.8,24.6,0.01,24.9,16,39.3,0,0,0.8,0.11,0.9,-1.11,0,4.31,113.6,84.1,7.28,5.391,5.662
6/24/2019,8:55:39 AM,Trout Bog,,707.8,14.8,24.7,0.01,25,16,39.3,0,0,0.8,0.11,0.9,-1.11,0,4.31,113.7,84.1,7.316,5.416,5.7
6/24/2019,8:55:41 AM,Trout Bog,,707.9,14.8,24.7,0.01,25,16,39.3,0,0,0.8,0.11,0.9,-1.13,0,4.31,113.9,84.1,7.355,5.444,5.746
6/24/2019,8:55:43 AM,Trout Bog,,707.8,14.9,24.7,0.01,25.1,16,39.3,0,0,0.8,0.11,0.9,-1.12,0,4.31,114,84.2,7.4,5.475,5.785
6/24/2019,8:55:45 AM,Trout Bog,,707.8,14.9,24.8,0.01,25.1,16,39.3,0,0,0.8,0.1,0.9,-1.12,0,4.3,114.1,84.2,7.442,5.505,5.805
6/24/2019,8:55:47 AM,Trout Bog,,707.8,14.9,24.8,0.01,25.2,16,39.3,0,0,0.8,0.1,0.9,-1.11,0,4.3,114.3,84.4,7.487,5.536,5.855
6/24/2019,8:55:49 AM,Trout Bog,,707.9,14.9,24.9,0.01,25.2,16,39.4,0,0,0.8,0.1,0.9,-1.12,0,4.3,114.5,84.5,7.526,5.564,5.892
6/24/2019,8:55:51 AM,Trout Bog,,707.8,15,25,0.01,25.3,16,39.4,0,0,0.8,0.1,0.9,-1.12,0,4.29,114.7,84.6,7.575,5.598,5.928
6/24/2019,8:55:53 AM,Trout Bog,,707.8,15,25,0.01,25.4,16,39.4,0,0,0.8,0.1,0.9,-1.11,0,4.29,114.9,84.8,7.621,5.631,5.941
6/24/2019,8:55:55 AM,Trout Bog,,707.8,15.1,25.1,0.01,25.5,16,39.4,0,0,0.8,0.1,0.9,-1.12,0,4.29,115.1,85,7.668,5.664,5.964
6/24/2019,8:55:57 AM,Trout Bog,,707.8,15.1,25.2,0.01,25.5,16,39.4,0,0,0.8,0.1,0.9,-1.11,0,4.28,115.3,85.2,7.712,5.695,5.995
6/24/2019,8:55:59 AM,Trout Bog,,707.8,15.2,25.3,0.01,25.6,16,39.4,0,0,0.8,0.1,0.8,-1.1,0,4.28,115.4,85.3,7.761,5.729,6.014
6/24/2019,8:56:01 AM,Trout Bog,,707.8,15.2,25.3,0.01,25.6,16,39.4,0,0,0.8,0.1,0.8,-1.09,0,4.28,115.5,85.5,7.803,5.759,6.021
6/24/2019,8:56:03 AM,Trout Bog,,707.8,15.2,25.3,0.01,25.6,16,39.4,0,0,0.8,0.1,0.8,-1.09,0,4.28,115.6,85.6,7.85,5.792,6.024
6/24/2019,8:56:05 AM,Trout Bog,,707.8,15.2,25.3,0.01,25.6,16,39.4,0,0,0.8,0.1,0.8,-1.07,0,4.28,115.7,85.6,7.888,5.818,6.021
6/24/2019,8:56:07 AM,Trout Bog,,707.8,15.2,25.3,0.01,25.6,16,39.4,0,0,0.8,0.1,0.8,-1.07,0,4.27,115.7,85.7,7.928,5.846,6.024
6/24/2019,8:56:09 AM,Trout Bog,,707.8,15.2,25.3,0.01,25.6,16,39.4,0,0,0.8,0.1,0.8,-1.06,0,4.28,115.7,85.7,7.964,5.872,6.064
6/24/2019,8:56:11 AM,Trout Bog,,707.8,15.2,25.3,0.01,25.6,16,39.4,0,0,0.8,0.1,0.8,-1.07,0,4.28,115.6,85.6,8.005,5.901,6.096
6/24/2019,8:56:13 AM,Trout Bog,,707.8,15.2,25.3,0.01,25.6,16,39.4,0,0,0.8,0.1,0.8,-1.08,0,4.28,115.6,85.6,8.038,5.924,6.103
6/24/2019,8:56:15 AM,Trout Bog,,707.8,15.2,25.3,0.01,25.6,16,39.4,0,0,0.8,0.1,0.8,-1.08,0,4.28,115.5,85.5,8.072,5.948,6.114
6/24/2019,8:56:17 AM,Trout Bog,,707.8,15.2,25.3,0.01,25.7,16,39.4,0,0,0.8,0.1,0.8,-1.08,0,4.28,115.4,85.4,8.108,5.973,6.146
6/24/2019,8:56:19 AM,Trout Bog,,707.9,15.2,25.3,0.01,25.7,16,39.4,0,0,0.8,0.1,0.8,-1.09,0,4.28,115.4,85.3,8.137,5.994,6.148
6/24/2019,8:56:21 AM,Trout Bog,,707.9,15.2,25.4,0.01,25.7,16,39.4,0,0,0.8,0.1,0.8,-1.08,0,4.28,115.3,85.3,8.167,6.015,6.156
6/24/2019,8:56:23 AM,Trout Bog,,707.8,15.3,25.4,0.01,25.7,17,39.4,0,0,0.8,0.1,0.8,-1.07,0,4.28,115.3,85.3,8.19,6.031,6.181
6/24/2019,8:56:25 AM,Trout Bog,,707.8,15.3,25.4,0.01,25.8,17,39.4,0,0,0.8,0.1,0.8,-1.08,0,4.28,115.4,85.3,8.22,6.052,6.216
6/24/2019,8:56:27 AM,Trout Bog,,707.8,15.3,25.5,0.01,25.8,17,39.5,0,0,0.8,0.1,0.8,-1.07,0,4.28,115.3,85.3,8.247,6.071,6.246
6/24/2019,8:56:29 AM,Trout Bog,,707.8,15.4,25.5,0.01,25.9,17,39.5,0,0,0.8,0.1,0.8,-1.05,0,4.28,115.3,85.3,8.273,6.089,6.281
6/24/2019,8:56:31 AM,Trout Bog,,707.9,15.4,25.6,0.01,25.9,17,39.5,0,0,0.8,0.1,0.8,-1.05,0,4.28,115.3,85.2,8.299,6.108,6.314
6/24/2019,8:56:33 AM,Trout Bog,,707.8,15.4,25.6,0.01,26,17,39.5,0,0,0.8,0.1,0.8,-1.04,0,4.28,115.3,85.1,8.327,6.127,6.347
6/24/2019,8:56:35 AM,Trout Bog,,707.8,15.4,25.6,0.01,26,17,39.5,0,0,0.8,0.1,0.8,-1.04,0,4.28,115.3,85,8.356,6.148,6.384
6/24/2019,8:56:37 AM,Trout Bog,,707.8,15.5,25.7,0.01,26,17,39.5,0,0,0.8,0.1,0.8,-1.04,0,4.28,115.2,84.9,8.387,6.17,6.411
6/24/2019,8:56:39 AM,Trout Bog,,707.9,15.5,25.7,0.01,26,17,39.5,0,0,0.8,0.1,0.8,-1.03,0,4.29,115.2,84.7,8.417,6.19,6.435
6/24/2019,8:56:41 AM,Trout Bog,,707.8,15.5,25.7,0.01,26.1,17,39.5,0,0,0.8,0.1,0.8,-1.02,0,4.29,115,84.5,8.453,6.215,6.466
6/24/2019,8:56:43 AM,Trout Bog,,707.8,15.5,25.7,0.01,26.1,17,39.5,0,0,0.7,0.1,0.8,-1.02,0,4.29,115,84.3,8.484,6.238,6.491
6/24/2019,8:56:45 AM,Trout Bog,,707.8,15.5,25.8,0.01,26.1,17,39.5,0,0,0.7,0.1,0.8,-1.02,0,4.29,114.8,84,8.525,6.266,6.524
6/24/2019,8:56:47 AM,Trout Bog,,707.8,15.5,25.8,0.01,26.2,17,39.5,0,0,0.7,0.1,0.8,-1.01,0,4.29,114.7,83.7,8.56,6.291,6.555
6/24/2019,8:56:49 AM,Trout Bog,,707.9,15.6,25.8,0.01,26.2,17,39.5,0,0,0.7,0.1,0.8,-0.99,0,4.3,114.6,83.5,8.598,6.317,6.575
6/24/2019,8:56:51 AM,Trout Bog,,707.8,15.6,25.9,0.01,26.2,17,39.5,0,0,0.7,0.1,0.8,-0.97,0,4.3,114.4,83.2,8.632,6.341,6.602
6/24/2019,8:56:53 AM,Trout Bog,,707.8,15.6,25.9,0.01,26.3,17,39.5,0,0,0.8,0.1,0.8,-0.95,0,4.3,114.3,82.9,8.669,6.368,6.62
6/24/2019,8:56:55 AM,Trout Bog,,707.8,15.7,26,0.01,26.3,17,39.5,0,0,0.8,0.1,0.8,-0.93,0,4.31,114.1,82.6,8.707,6.394,6.646
6/24/2019,8:56:57 AM,Trout Bog,,707.8,15.7,26.1,0.01,26.4,17,39.5,0,0,0.8,0.1,0.8,-0.92,0,4.31,113.8,82.3,8.746,6.422,6.668
6/24/2019,8:56:59 AM,Trout Bog,,707.8,15.8,26.2,0.01,26.5,17,39.5,0,0,0.8,0.1,0.8,-0.91,0,4.31,113.6,81.9,8.787,6.451,6.686
6/24/2019,8:57:01 AM,Trout Bog,,707.8,15.8,26.3,0.01,26.6,17,39.5,0,0,0.8,0.1,0.8,-0.88,0,4.32,113.3,81.5,8.826,6.478,6.72
6/24/2019,8:57:03 AM,Trout Bog,,707.8,15.9,26.4,0.01,26.7,17,39.5,0,0,0.8,0.1,0.8,-0.86,0,4.32,113.1,81.2,8.867,6.507,6.763
6/24/2019,8:57:05 AM,Trout Bog,,707.8,16,26.5,0.01,26.9,17,39.6,0,0,0.8,0.1,0.8,-0.87,0,4.33,112.8,80.7,8.908,6.535,6.793
6/24/2019,8:57:07 AM,Trout Bog,,707.8,16.1,26.7,0.01,27.1,17,39.6,0,0,0.8,0.1,0.8,-0.86,0,4.34,112.5,80.2,8.95,6.565,6.819
6/24/2019,8:57:09 AM,Trout Bog,,707.8,16.2,26.9,0.01,27.2,17,39.6,0,0,0.8,0.1,0.8,-0.86,0,4.34,112.2,79.8,8.988,6.592,6.843
6/24/2019,8:57:11 AM,Trout Bog,,707.8,16.3,27,0.01,27.4,18,39.6,0,0,0.8,0.1,0.8,-0.86,0,4.35,111.9,79.3,9.028,6.62,6.877
6/24/2019,8:57:13 AM,Trout Bog,,707.8,16.4,27.2,0.01,27.6,18,39.6,0,0,0.7,0.1,0.8,-0.86,0,4.35,111.6,78.8,9.065,6.646,6.905
6/24/2019,8:57:15 AM,Trout Bog,,707.8,16.5,27.4,0.01,27.7,18,39.6,0,0,0.7,0.1,0.8,-0.86,0,4.36,111.4,78.3,9.108,6.676,6.939
6/24/2019,8:57:17 AM,Trout Bog,,707.8,16.6,27.5,0.01,27.9,18,39.6,0,0,0.7,0.1,0.8,-0.86,0,4.36,111.2,77.9,9.145,6.702,6.948
6/24/2019,8:57:19 AM,Trout Bog,,707.8,16.7,27.6,0.01,28,18,39.6,0,0,0.7,0.1,0.8,-0.86,0,4.36,111.1,77.5,9.184,6.73,7.001
6/24/2019,8:57:21 AM,Trout Bog,,707.8,16.7,27.8,0.01,28.1,18,39.6,0,0,0.7,0.09,0.8,-0.85,0,4.36,111,77.2,9.224,6.758,7.043
6/24/2019,8:57:23 AM,Trout Bog,,707.8,16.8,27.8,0.01,28.2,18,39.6,0,0,0.7,0.09,0.8,-0.82,0,4.37,110.8,76.8,9.262,6.785,7.058
6/24/2019,8:57:25 AM,Trout Bog,,707.9,16.8,27.9,0.01,28.3,18,39.6,0,0,0.7,0.09,0.8,-0.78,0,4.37,110.6,76.4,9.305,6.815,7.072
6/24/2019,8:57:27 AM,Trout Bog,,707.7,16.9,27.9,0.01,28.3,18,39.6,0,0,0.7,0.09,0.8,-0.75,0,4.37,110.5,76,9.341,6.84,7.085
6/24/2019,8:57:29 AM,Trout Bog,,707.8,16.9,27.9,0.01,28.3,18,39.7,0,0,0.7,0.09,0.8,-0.74,0,4.38,110.3,75.5,9.383,6.87,7.097
6/24/2019,8:57:31 AM,Trout Bog,,707.8,16.9,27.9,0.01,28.3,18,39.7,0,0,0.7,0.09,0.8,-0.71,0,4.38,110.2,75,9.415,6.892,7.106
6/24/2019,8:57:33 AM,Trout Bog,,707.8,16.8,27.9,0.01,28.3,18,39.7,0,0,0.7,0.09,0.8,-0.68,0,4.38,110,74.4,9.453,6.919,7.12
6/24/2019,8:57:35 AM,Trout Bog,,707.8,16.8,27.9,0.01,28.2,18,39.7,0,0,0.7,0.09,0.8,-0.65,0,4.39,109.8,74.1,9.487,6.942,7.134
6/24/2019,8:57:37 AM,Trout Bog,,707.8,16.8,27.8,0.01,28.2,18,39.7,0,0,0.7,0.09,0.8,-0.65,0,4.39,109.6,73.5,9.523,6.968,7.148
6/24/2019,8:57:39 AM,Trout Bog,,707.8,16.8,27.8,0.01,28.2,18,39.7,0,0,0.7,0.1,0.8,-0.63,0,4.39,109.3,73,9.555,6.991,7.162
6/24/2019,8:57:41 AM,Trout Bog,,707.8,16.8,27.8,0.01,28.2,18,39.7,0,0,0.7,0.1,0.8,-0.61,0,4.4,109.1,72.5,9.59,7.015,7.177
6/24/2019,8:57:43 AM,Trout Bog,,707.8,16.8,27.8,0.01,28.2,18,39.7,0,0,0.7,0.1,0.8,-0.58,0,4.4,108.9,72,9.619,7.035,7.197
6/24/2019,8:57:45 AM,Trout Bog,,707.8,16.8,27.9,0.01,28.2,18,39.7,0,0,0.7,0.1,0.8,-0.57,0,4.41,108.7,71.5,9.651,7.058,7.216
6/24/2019,8:57:47 AM,Trout Bog,,707.8,16.8,27.9,0.01,28.3,18,39.7,0,0,0.8,0.1,0.8,-0.52,0,4.41,108.5,71,9.677,7.076,7.236
6/24/2019,8:57:49 AM,Trout Bog,,707.8,16.9,27.9,0.01,28.3,18,39.7,0,0,0.8,0.1,0.8,-0.46,0,4.41,108.3,70.5,9.708,7.098,7.259
6/24/2019,8:57:51 AM,Trout Bog,,707.8,16.9,27.9,0.01,28.3,18,39.7,0,0,0.8,0.1,0.8,-0.42,0,4.42,108.1,70.1,9.734,7.116,7.283
6/24/2019,8:57:53 AM,Trout Bog,,707.8,16.9,27.9,0.01,28.3,18,39.7,0,0,0.8,0.1,0.8,-0.37,0,4.42,108,69.7,9.763,7.137,7.301
6/24/2019,8:57:55 AM,Trout Bog,,707.7,16.9,28,0.01,28.4,18,39.7,0,0,0.8,0.1,0.8,-0.23,0,4.42,107.8,69.1,9.79,7.156,7.318
6/24/2019,8:57:57 AM,Trout Bog,,707.8,17,28.2,0.01,28.6,18,39.7,0,0,0.8,0.1,0.8,-0.02,0,4.42,107.7,62.9,9.816,7.174,7.336
6/24/2019,8:57:59 AM,Trout Bog,,707.8,17.1,28.3,0.01,28.7,18,39.7,0,0,0.8,0.1,0.8,0.11,0,4.43,107.5,58.1,9.838,7.189,7.353
6/24/2019,8:58:01 AM,Trout Bog,,707.8,17.2,28.5,0.01,28.9,19,39.7,0,0,0.8,0.1,0.8,0.18,0,4.44,107.1,53.9,9.863,7.207,7.362
6/24/2019,8:58:03 AM,Trout Bog,,707.8,17.3,28.6,0.01,29,19,39.7,0,0,0.8,0.1,0.8,0.35,0,4.55,101.1,45,9.885,7.222,7.369
6/24/2019,8:58:05 AM,Trout Bog,,707.8,17.4,28.7,0.01,29.1,19,39.7,0,0,0.8,0.1,0.9,0.62,0,4.55,100.7,40.5,9.907,7.238,7.371
6/24/2019,8:58:07 AM,Trout Bog,,707.8,17.4,28.8,0.01,29.2,19,39.7,0,0,0.8,0.1,0.9,835.22,0,4.56,100.6,38.6,9.928,7.253,7.376
6/24/2019,8:58:09 AM,Trout Bog,,707.8,17.4,28.8,0.01,29.2,19,39.7,0,0,0.8,0.11,0.9,3.41,0,4.56,100.3,37,9.948,7.267,7.376