DATE,TIME,SITE,PROBE_ID,Barometer,Cond,Sp_Cond,Sal,nLFCond,TDS,Temp,Sigma,Sigma.1,ODO,ODO.1,ODO.2,Turbidity,TSS,pH,pH.1,ORP,Pressure,Depth,Vertical_Position
5/29/2023,12:19:35 PM,Trout Bog,BogGhost,719.3,19.4,18.8,0.01,18.7,12,26.66666667,-3.4,-3.4,104.5,8.38,110.4,0.3,0,4.5,122.3,341.3,-0.007,0,0.263
5/29/2023,12:19:37 PM,Trout Bog,BogGhost,719.4,19.4,18.8,0.01,18.7,12,26.66666667,-3.4,-3.4,104.3,8.36,110.2,0.28,0,4.5,122.3,341.5,-0.007,0.015,0.265
5/29/2023,12:19:39 PM,Trout Bog,BogGhost,719.4,19.4,18.8,0.01,18.7,12,26.66666667,-3.4,-3.4,104.2,8.35,110.1,0.28,0,4.5,122.5,342,-0.008,0.03,0.275
5/29/2023,12:19:41 PM,Trout Bog,BogGhost,719.4,19.4,18.8,0.01,18.7,12,26.66666667,-3.4,-3.4,104,8.34,109.9,0.28,0,4.49,122.6,342.4,-0.008,0.045,0.266
5/29/2023,12:19:43 PM,Trout Bog,BogGhost,719.3,19.4,18.8,0.01,18.7,12,26.55555556,-3.4,-3.4,98.1,7.87,103.7,0.29,0,4.49,122.7,342.8,-0.008,0.06,0.262
5/29/2023,12:19:45 PM,Trout Bog,BogGhost,719.4,19.4,19.3,0.01,19.3,13,24.88888889,-2.9,-2.9,101.1,8.29,106.8,0.29,0,4.48,122.8,343.2,-0.008,0.075,0.274
5/29/2023,12:19:47 PM,Trout Bog,BogGhost,719.4,19.3,19.9,0.01,19.9,13,23.44444444,-2.6,-2.6,101.2,8.6,106.9,0.3,0,4.47,122.8,343.8,-0.008,0.09,0.263
5/29/2023,12:19:49 PM,Trout Bog,BogGhost,719.3,19.2,19.9,0.01,20,13,23.22222222,-2.5,-2.5,100.4,8.57,106.1,0.32,0,4.46,122.8,344.4,-0.008,0.105,0.273
5/29/2023,12:19:51 PM,Trout Bog,BogGhost,719.3,19.1,20.4,0.01,20.5,13,21.72222222,-2.2,-2.2,99.3,8.53,104.9,0.34,0,4.46,122.7,345,-0.007,0.12,0.263
5/29/2023,12:19:53 PM,Trout Bog,BogGhost,719.3,18.9,20.3,0.01,20.5,13,21.33333333,-2.1,-2.1,98.9,8.75,104.5,0.38,0,4.45,122.6,345.7,-0.008,0.135,0.276
5/29/2023,12:19:55 PM,Trout Bog,BogGhost,719.3,18.7,20.2,0.01,20.3,13,21.11111111,-2,-2,98.8,8.79,104.3,0.38,0,4.45,122.5,346.5,-0.007,0.15,0.26
5/29/2023,12:19:57 PM,Trout Bog,BogGhost,719.3,18.4,20,0.01,20.2,13,20.83333333,-2,-2,98.6,8.82,104.2,0.39,0,4.45,122.4,347.4,-0.007,0.165,0.28
5/29/2023,12:19:59 PM,Trout Bog,BogGhost,719.3,18.2,19.8,0.01,20,13,20.66666667,-1.9,-1.9,98.5,8.83,104,0.39,0,4.45,122.2,348.2,-0.007,0.18,0.272
5/29/2023,12:20:01 PM,Trout Bog,BogGhost,719.4,18,19.6,0.01,19.8,13,20.61111111,-1.9,-1.9,98.1,8.81,103.6,0.41,0,4.46,121.9,348.9,-0.004,0.195,0.314
5/29/2023,12:20:03 PM,Trout Bog,BogGhost,719.3,17.8,19.4,0.01,19.6,13,20.55555556,-1.9,-1.9,97.9,8.8,103.4,0.43,0,4.46,121.6,349.7,-0.001,0.21,0.314
5/29/2023,12:20:05 PM,Trout Bog,BogGhost,719.3,17.7,19.3,0.01,19.5,13,20.55555556,-1.9,-1.9,97.9,8.8,103.4,0.45,0,4.47,121.3,350.6,0.004,0.225,0.338
5/29/2023,12:20:07 PM,Trout Bog,BogGhost,719.3,17.6,19.3,0.01,19.4,13,20.5,-1.9,-1.9,97.7,8.79,103.2,0.48,0,4.47,121.1,351.6,0.01,0.24,0.37
5/29/2023,12:20:09 PM,Trout Bog,BogGhost,719.3,17.5,19.2,0.01,19.4,13,20.44444444,-1.9,-1.9,97.5,8.79,103.1,0.47,0,4.47,120.9,352.6,0.018,0.255,0.377
5/29/2023,12:20:11 PM,Trout Bog,BogGhost,719.3,17.5,19.2,0.01,19.4,12,20.33333333,-1.9,-1.9,97.3,8.78,102.8,0.49,0,4.47,120.7,353.5,0.028,0.27,0.399
5/29/2023,12:20:13 PM,Trout Bog,BogGhost,719.3,17.4,19.2,0.01,19.3,12,20.27777778,-1.8,-1.8,97.1,8.77,102.6,0.51,0,4.48,120.6,354.4,0.037,0.285,0.405
5/29/2023,12:20:15 PM,Trout Bog,BogGhost,719.4,17.4,19.1,0.01,19.3,12,20.22222222,-1.8,-1.8,96.9,8.77,102.4,0.5,0,4.48,120.5,355.2,0.049,0.3,0.434
5/29/2023,12:20:17 PM,Trout Bog,BogGhost,719.4,17.3,19.1,0.01,19.3,12,20.11111111,-1.8,-1.8,96.8,8.78,102.3,0.48,0,4.48,120.4,356,0.06,0.314,0.398
5/29/2023,12:20:19 PM,Trout Bog,BogGhost,719.3,17.3,19.1,0.01,19.3,12,20,-1.8,-1.8,96.6,8.78,102.1,0.46,0,4.48,120.4,356.8,0.074,0.324,0.462
5/29/2023,12:20:21 PM,Trout Bog,BogGhost,719.3,17.3,19.1,0.01,19.3,12,19.94444444,-1.8,-1.8,96.3,8.77,101.8,0.44,0,4.48,120.3,357.6,0.089,0.335,0.47
5/29/2023,12:20:23 PM,Trout Bog,BogGhost,719.3,17.2,19.1,0.01,19.3,12,19.83333333,-1.7,-1.7,96.1,8.77,101.6,0.43,0,4.48,120.3,358.5,0.108,0.348,0.528
5/29/2023,12:20:25 PM,Trout Bog,BogGhost,719.3,17.2,19.1,0.01,19.3,12,19.66666667,-1.7,-1.7,96,8.78,101.4,0.43,0,4.48,120.3,359.3,0.127,0.362,0.555
5/29/2023,12:20:27 PM,Trout Bog,BogGhost,719.4,17.2,19.2,0.01,19.4,12,19.5,-1.7,-1.7,95.9,8.79,101.3,0.43,0,4.47,120.3,360.3,0.154,0.38,0.618
5/29/2023,12:20:29 PM,Trout Bog,BogGhost,719.4,17.1,19.2,0.01,19.4,12,19.33333333,-1.7,-1.7,95.7,8.81,101.1,0.45,0,4.47,120.4,361.4,0.178,0.397,0.613
5/29/2023,12:20:31 PM,Trout Bog,BogGhost,719.3,17.1,19.7,0.01,19.9,13,18.16666667,-1.4,-1.4,95.6,8.83,101,0.47,0,4.47,120.4,362.6,0.208,0.418,0.635
5/29/2023,12:20:33 PM,Trout Bog,BogGhost,719.4,17.1,19.9,0.01,20.1,13,17.77777778,-1.4,-1.4,99,9.4,104.6,0.52,0,4.46,120.5,363.8,0.234,0.437,0.654
5/29/2023,12:20:35 PM,Trout Bog,BogGhost,719.3,17.1,20,0.01,20.2,13,17.61111111,-1.3,-1.3,98.6,9.4,104.2,0.63,0,4.45,120.7,365.2,0.266,0.46,0.68
5/29/2023,12:20:37 PM,Trout Bog,BogGhost,719.3,17.2,20.1,0.01,20.4,13,17.33333333,-1.3,-1.3,97.8,9.37,103.4,0.72,0,4.45,120.8,366.7,0.297,0.481,0.731
5/29/2023,12:20:38 PM,Trout Bog,BogGhost,719.2,17.3,21,0.01,21.3,14,15.72222222,-1,-1,98.1,9.73,103.6,0.77,0,4.43,121.1,368.4,0.333,0.506,0.761
5/29/2023,12:20:40 PM,Trout Bog,BogGhost,719.3,17.4,21,0.01,21.3,14,15.94444444,-1,-1,98.2,9.7,103.8,0.83,0,4.42,121.4,370.3,0.366,0.53,0.784
5/29/2023,12:20:42 PM,Trout Bog,BogGhost,719.3,17.5,21.2,0.01,21.5,14,15.83333333,-1,-1,93.9,9.3,99.3,0.88,0,4.42,121.7,372.2,0.401,0.555,0.79
5/29/2023,12:20:44 PM,Trout Bog,BogGhost,719.3,17.6,21.3,0.01,21.7,14,15.72222222,-1,-1,91,9.03,96.2,0.95,0,4.41,122,374.2,0.433,0.577,0.797
5/29/2023,12:20:46 PM,Trout Bog,BogGhost,719.3,17.7,21.6,0.01,21.9,14,15.61111111,-1,-1,88.8,8.83,93.8,0.97,0,4.4,122.4,376.2,0.464,0.599,0.809
5/29/2023,12:20:48 PM,Trout Bog,BogGhost,719.3,17.8,21.8,0.01,22.1,14,15.44444444,-1,-1,87.2,8.7,92.1,0.93,0,4.4,122.7,378.2,0.499,0.623,0.845
5/29/2023,12:20:50 PM,Trout Bog,BogGhost,719.3,17.9,22.6,0.01,22.9,15,14.22222222,-0.8,-0.8,83.2,8.53,87.9,0.9,0,4.38,123,380.2,0.532,0.646,0.855
5/29/2023,12:20:52 PM,Trout Bog,BogGhost,719.3,18.1,22.8,0.01,23.2,15,14.05555556,-0.8,-0.8,78.6,8.09,83.1,0.89,0,4.37,123.3,382.4,0.568,0.671,0.893
5/29/2023,12:20:54 PM,Trout Bog,BogGhost,719.3,18.2,23,0.01,23.4,15,13.88888889,-0.7,-0.7,77.6,8,82,0.88,0,4.37,123.6,384.3,0.603,0.696,0.915
5/29/2023,12:20:56 PM,Trout Bog,BogGhost,719.4,18.3,23.3,0.01,23.6,15,13.77777778,-0.7,-0.7,76.6,7.93,80.9,0.89,0,4.36,123.9,386.1,0.642,0.723,0.959
5/29/2023,12:20:58 PM,Trout Bog,BogGhost,719.3,18.4,23.5,0.01,23.9,15,13.61111111,-0.7,-0.7,72.4,7.52,76.5,0.9,0,4.35,124.2,387.9,0.677,0.748,0.965
5/29/2023,12:21:00 PM,Trout Bog,BogGhost,719.3,18.5,23.8,0.01,24.1,15,13.38888889,-0.7,-0.7,70.5,7.36,74.5,0.95,0,4.35,124.3,389.4,0.715,0.775,1.003
5/29/2023,12:21:02 PM,Trout Bog,BogGhost,719.4,18.6,24.7,0.01,25.1,16,11.94444444,-0.5,-0.5,70.4,7.58,74.4,0.98,0,4.33,124.5,391,0.748,0.798,1.021
5/29/2023,12:21:04 PM,Trout Bog,BogGhost,719.4,18.6,24.9,0.01,25.3,16,11.83333333,-0.5,-0.5,70.3,7.62,74.3,0.98,0,4.33,124.6,392.4,0.784,0.823,1.06
5/29/2023,12:21:06 PM,Trout Bog,BogGhost,719.2,18.6,24.8,0.01,25.2,16,11.94444444,-0.5,-0.5,69.8,7.54,73.8,1.02,0,4.33,124.7,393.8,0.816,0.846,1.08
5/29/2023,12:21:08 PM,Trout Bog,BogGhost,719.2,18.6,24.8,0.01,25.2,16,11.94444444,-0.5,-0.5,69.3,7.48,73.2,1.03,0,4.33,124.8,395.1,0.851,0.871,1.076
5/29/2023,12:21:10 PM,Trout Bog,BogGhost,719.3,18.6,24.8,0.01,25.2,16,12,-0.5,-0.5,64,6.9,67.7,1.04,0,4.33,124.9,396.3,0.883,0.893,1.113
5/29/2023,12:21:12 PM,Trout Bog,BogGhost,719.4,18.6,25.6,0.01,26,17,10.72222222,-0.4,-0.4,63.2,7.01,66.8,1.04,0,4.31,125,397.5,0.918,0.918,1.126
5/29/2023,12:21:14 PM,Trout Bog,BogGhost,719.3,18.6,25.5,0.01,25.9,17,10.77777778,-0.4,-0.4,62.4,6.9,66,1.02,0,4.31,125.1,398.9,0.949,0.939,1.147
5/29/2023,12:21:16 PM,Trout Bog,BogGhost,719.3,18.5,25.6,0.01,26,17,10.55555556,-0.3,-0.3,61.3,6.81,64.8,0.98,0,4.31,125.2,400,0.979,0.961,1.191
5/29/2023,12:21:18 PM,Trout Bog,BogGhost,719.4,18.5,25.8,0.01,26.2,17,10.27777778,-0.3,-0.3,56.8,6.36,60.1,0.96,0,4.3,125.3,401.1,1.012,0.984,1.218
5/29/2023,12:21:20 PM,Trout Bog,BogGhost,719.3,18.5,25.8,0.01,26.3,17,10.22222222,-0.3,-0.3,53.3,5.98,56.3,0.95,0,4.3,125.4,402.1,1.045,1.007,1.244
5/29/2023,12:21:22 PM,Trout Bog,BogGhost,719.3,18.5,26,0.01,26.4,17,9.944444444,-0.3,-0.3,51.5,5.81,54.4,0.89,0,4.3,125.6,403.1,1.083,1.034,1.297
5/29/2023,12:21:24 PM,Trout Bog,BogGhost,719.3,18.5,27.5,0.01,28,18,7.833333333,-0.1,-0.1,50.4,5.96,53.2,0.85,0,4.27,125.8,404,1.117,1.058,1.278
5/29/2023,12:21:26 PM,Trout Bog,BogGhost,719.4,18.5,27.6,0.01,28.1,18,7.777777778,-0.1,-0.1,49.4,5.88,52.2,0.8,0,4.26,126.1,404.9,1.155,1.084,1.325
5/29/2023,12:21:28 PM,Trout Bog,BogGhost,719.4,18.5,27.8,0.01,28.3,18,7.555555556,-0.1,-0.1,42.3,5.06,44.7,0.74,0,4.26,126.4,405.7,1.188,1.107,1.313
5/29/2023,12:21:30 PM,Trout Bog,BogGhost,719.4,18.6,27.9,0.01,28.4,18,7.555555556,-0.1,-0.1,40.4,4.84,42.7,0.71,0,4.25,126.6,406.3,1.223,1.132,1.31
5/29/2023,12:21:32 PM,Trout Bog,BogGhost,719.5,18.6,27.9,0.01,28.4,18,7.5,-0.1,-0.1,38.7,4.64,40.9,0.67,0,4.25,126.9,406.5,1.25,1.151,1.297
5/29/2023,12:21:34 PM,Trout Bog,BogGhost,719.4,18.7,28.1,0.01,28.6,18,7.444444444,-0.1,-0.1,33.5,4.02,35.4,0.63,0,4.24,127.2,406.3,1.28,1.172,1.313
5/29/2023,12:21:36 PM,Trout Bog,BogGhost,719.4,18.8,28.3,0.01,28.7,18,7.444444444,-0.1,-0.1,30.9,3.71,32.6,0.64,0,4.24,127.5,405.7,1.306,1.19,1.342
5/29/2023,12:21:38 PM,Trout Bog,BogGhost,719.4,18.9,28.5,0.01,29,19,7.388888889,-0.1,-0.1,29.1,3.5,30.7,0.64,0,4.23,127.8,386.1,1.336,1.212,1.379
5/29/2023,12:21:40 PM,Trout Bog,BogGhost,719.5,19,28.7,0.01,29.2,19,7.277777778,-0.1,-0.1,27.7,3.34,29.3,0.64,0,4.22,128.1,382,1.363,1.231,1.409
5/29/2023,12:21:42 PM,Trout Bog,BogGhost,719.4,19.1,28.9,0.01,29.4,19,7.277777778,-0.1,-0.1,23.2,2.8,24.5,0.64,0,4.22,128.3,379.5,1.392,1.251,1.405
5/29/2023,12:21:44 PM,Trout Bog,BogGhost,719.5,19.2,29.1,0.01,29.6,19,7.222222222,-0.1,-0.1,21.1,2.55,22.3,0.65,0,4.22,128.5,376.7,1.417,1.268,1.429
5/29/2023,12:21:46 PM,Trout Bog,BogGhost,719.5,19.3,29.2,0.01,29.7,19,7.166666667,-0.1,-0.1,20.2,2.44,21.3,0.65,0,4.21,128.6,374.8,1.443,1.287,1.453
5/29/2023,12:21:48 PM,Trout Bog,BogGhost,719.4,19.3,29.3,0.01,29.8,19,7.055555556,-0.1,-0.1,19.4,2.35,20.5,0.66,0,4.21,128.7,373.2,1.472,1.307,1.46
5/29/2023,12:21:50 PM,Trout Bog,BogGhost,719.4,19.3,29.4,0.01,29.9,19,7,-0.1,-0.1,18.8,2.28,19.9,0.65,0,4.21,128.7,371.7,1.497,1.325,1.463
5/29/2023,12:21:52 PM,Trout Bog,BogGhost,719.4,19.2,29.3,0.01,29.8,19,6.888888889,-0.1,-0.1,18.2,2.22,19.3,0.66,0,4.21,128.7,370.3,1.524,1.344,1.5
5/29/2023,12:21:54 PM,Trout Bog,BogGhost,719.5,19.1,29.3,0.01,29.8,19,6.777777778,-0.1,-0.1,17.7,2.16,18.7,0.66,0,4.21,128.6,368.9,1.547,1.36,1.509
5/29/2023,12:21:56 PM,Trout Bog,BogGhost,719.3,19,29.2,0.01,29.7,19,6.611111111,-0.1,-0.1,17.2,2.11,18.2,0.69,0,4.21,128.5,367.2,1.573,1.378,1.546
5/29/2023,12:21:58 PM,Trout Bog,BogGhost,719.3,18.9,29.2,0.01,29.7,19,6.5,-0.1,-0.1,13.5,1.65,14.2,0.71,0,4.21,128.4,365.5,1.593,1.392,1.519
5/29/2023,12:22:00 PM,Trout Bog,BogGhost,719.3,18.8,29.1,0.01,29.6,19,6.444444444,-0.1,-0.1,12.8,1.57,13.5,0.74,0,4.21,128.2,345.4,1.615,1.407,1.569
5/29/2023,12:22:02 PM,Trout Bog,BogGhost,719.3,18.7,29,0.01,29.5,19,6.277777778,-0.1,-0.1,12.2,1.51,12.9,0.76,0,4.22,128,339.3,1.634,1.421,1.562
5/29/2023,12:22:04 PM,Trout Bog,BogGhost,719.2,18.6,29,0.01,29.5,19,6.166666667,-0.1,0,11.8,1.46,12.5,0.77,0,4.22,127.7,337.6,1.657,1.437,1.602
5/29/2023,12:22:06 PM,Trout Bog,BogGhost,719.3,18.5,29,0.01,29.5,19,6.055555556,-0.1,0,11.5,1.43,12.1,0.79,0,4.22,127.4,335.4,1.678,1.452,1.606
5/29/2023,12:22:08 PM,Trout Bog,BogGhost,719.4,18.5,29.1,0.01,29.5,19,5.944444444,0,0,11.2,1.39,11.8,0.82,0,4.23,127.1,333.7,1.701,1.468,1.606
5/29/2023,12:22:10 PM,Trout Bog,BogGhost,719.2,18.4,29,0.01,29.5,19,5.777777778,0,0,10.8,1.36,11.5,0.84,0,4.23,126.7,332.3,1.724,1.484,1.634
5/29/2023,12:22:12 PM,Trout Bog,BogGhost,719.3,18.3,29,0.01,29.5,19,5.611111111,0,0,10.5,1.32,11.1,0.83,0,4.24,126.4,331,1.749,1.502,1.632
5/29/2023,12:22:14 PM,Trout Bog,BogGhost,719.4,18.2,29,0.01,29.4,19,5.444444444,0,0,10,1.27,10.6,0.84,0,4.24,126,329.6,1.772,1.518,1.667
5/29/2023,12:22:16 PM,Trout Bog,BogGhost,719.4,18,28.7,0.01,29.2,19,5.388888889,0,0,9.5,1.2,10,0.85,0,4.25,125.5,328,1.793,1.533,1.676
5/29/2023,12:22:18 PM,Trout Bog,BogGhost,719.5,17.7,28.5,0.01,28.9,18,5.277777778,0,0,9,1.14,9.5,0.88,0,4.26,125,326.4,1.817,1.549,1.702
5/29/2023,12:22:20 PM,Trout Bog,BogGhost,719.4,17.5,28.2,0.01,28.6,18,5.222222222,0,0,8.4,1.07,8.9,0.92,0,4.27,124.5,310.5,1.84,1.566,1.728
5/29/2023,12:22:22 PM,Trout Bog,BogGhost,719.5,17.3,27.9,0.01,28.3,18,5.111111111,0,0,8,1.02,8.5,0.95,0,4.28,123.9,307,1.864,1.583,1.763
5/29/2023,12:22:24 PM,Trout Bog,BogGhost,719.4,17.1,27.6,0.01,28,18,5.055555556,0,0,7.6,0.97,8.1,0.96,0,4.29,123.3,305.1,1.888,1.6,1.779
5/29/2023,12:22:26 PM,Trout Bog,BogGhost,719.4,16.9,27.3,0.01,27.7,18,4.944444444,0,0,7.3,0.93,7.7,0.97,0,4.3,122.7,303.5,1.916,1.619,1.819
5/29/2023,12:22:28 PM,Trout Bog,BogGhost,719.3,16.7,27,0.01,27.4,18,4.944444444,0,0,6.9,0.88,7.3,0.97,0,4.31,122,301.9,1.941,1.637,1.831
5/29/2023,12:22:30 PM,Trout Bog,BogGhost,719.4,16.5,26.8,0.01,27.2,17,4.888888889,0,0,6.6,0.85,7,0.95,0,4.32,121.2,300.3,1.97,1.657,1.847
5/29/2023,12:22:32 PM,Trout Bog,BogGhost,719.4,16.4,26.6,0.01,27,17,4.888888889,0,0,6.3,0.8,6.6,0.93,0,4.34,120.5,298.8,1.992,1.673,1.842
5/29/2023,12:22:34 PM,Trout Bog,BogGhost,719.4,16.2,26.4,0.01,26.7,17,4.888888889,0,0,6,0.76,6.3,0.87,0,4.35,119.8,297.2,2.017,1.69,1.832
5/29/2023,12:22:36 PM,Trout Bog,BogGhost,719.3,16.1,26.1,0.01,26.5,17,4.833333333,0,0,5.7,0.73,6,0.82,0,4.36,119,295.6,2.04,1.706,1.872
5/29/2023,12:22:38 PM,Trout Bog,BogGhost,719.4,15.8,25.8,0.01,26.2,17,4.777777778,0,0,5.4,0.7,5.8,0.8,0,4.38,118.4,294.2,2.067,1.725,1.886
5/29/2023,12:22:40 PM,Trout Bog,BogGhost,719.3,15.6,25.5,0.01,25.9,17,4.722222222,0,0,5.2,0.67,5.5,0.75,0,4.39,117.7,292.8,2.092,1.743,1.942
5/29/2023,12:22:42 PM,Trout Bog,BogGhost,719.4,15.4,25.2,0.01,25.5,16,4.666666667,0,0,5,0.64,5.2,0.73,0,4.4,116.9,278.1,2.117,1.761,1.941
5/29/2023,12:22:44 PM,Trout Bog,BogGhost,719.4,15.2,24.9,0.01,25.2,16,4.555555556,0,0,4.7,0.61,5,0.72,0,4.41,116.3,276.1,2.147,1.782,2
5/29/2023,12:22:46 PM,Trout Bog,BogGhost,719.5,14.9,24.6,0.01,24.9,16,4.444444444,0,0,4.5,0.59,4.8,0.73,0,4.42,115.6,275.2,2.176,1.802,2.001
5/29/2023,12:22:48 PM,Trout Bog,BogGhost,719.5,14.7,24.3,0.01,24.6,16,4.388888889,0,0,4.4,0.56,4.6,0.71,0,4.43,115,274.1,2.207,1.824,2.03
5/29/2023,12:22:50 PM,Trout Bog,BogGhost,719.3,14.6,24.1,0.01,24.4,16,4.333333333,0,0,4.2,0.54,4.4,0.71,0,4.44,114.5,273.1,2.237,1.845,2.052
5/29/2023,12:22:52 PM,Trout Bog,BogGhost,719.3,14.5,24,0.01,24.3,16,4.277777778,0,0,4,0.52,4.2,0.7,0,4.45,114,272.3,2.268,1.867,2.067
5/29/2023,12:22:54 PM,Trout Bog,BogGhost,719.3,14.4,23.9,0.01,24.2,16,4.277777778,0,0,3.9,0.5,4.1,0.72,0,4.46,113.6,271.5,2.297,1.887,2.076
5/29/2023,12:22:56 PM,Trout Bog,BogGhost,719.4,14.4,23.9,0.01,24.2,16,4.222222222,0,0,3.7,0.49,4,0.72,0,4.47,113.2,270.8,2.33,1.91,2.118
5/29/2023,12:22:58 PM,Trout Bog,BogGhost,719.3,14.3,23.8,0.01,24.1,15,4.222222222,0,0,3.6,0.47,3.8,0.71,0,4.47,112.8,270,2.358,1.93,2.107
5/29/2023,12:23:00 PM,Trout Bog,BogGhost,719.3,14.3,23.7,0.01,24,15,4.222222222,0,0,3.5,0.45,3.7,0.7,0,4.48,112.6,269.2,2.388,1.951,2.133
5/29/2023,12:23:02 PM,Trout Bog,BogGhost,719.3,14.2,23.7,0.01,24,15,4.166666667,0,0,3.4,0.44,3.6,0.7,0,4.48,112.3,268.5,2.414,1.97,2.159
5/29/2023,12:23:04 PM,Trout Bog,BogGhost,719.3,14.2,23.6,0.01,23.9,15,4.166666667,0,0,3.3,0.43,3.5,0.69,0,4.48,112.1,267.9,2.445,1.992,2.196
5/29/2023,12:23:06 PM,Trout Bog,BogGhost,719.4,14.1,23.5,0.01,23.8,15,4.166666667,0,0,3.2,0.41,3.3,0.68,0,4.49,111.9,267.2,2.472,2.011,2.214
5/29/2023,12:23:08 PM,Trout Bog,BogGhost,719.3,14.1,23.4,0.01,23.7,15,4.166666667,0,0,3.1,0.4,3.2,0.67,0,4.49,111.7,266.1,2.503,2.032,2.221
5/29/2023,12:23:10 PM,Trout Bog,BogGhost,719.4,14,23.3,0.01,23.6,15,4.166666667,0,0,3,0.39,3.1,0.66,0,4.49,111.6,264.8,2.533,2.053,2.268
5/29/2023,12:23:12 PM,Trout Bog,BogGhost,719.3,14,23.3,0.01,23.6,15,4.111111111,0,0,2.9,0.38,3.1,0.66,0,4.5,111.4,263.5,2.567,2.077,2.286
5/29/2023,12:23:14 PM,Trout Bog,BogGhost,719.5,13.9,23.2,0.01,23.5,15,4.111111111,0,0,2.8,0.37,3,0.66,0,4.5,111.3,262.3,2.6,2.1,2.324
5/29/2023,12:23:16 PM,Trout Bog,BogGhost,719.3,13.9,23.2,0.01,23.5,15,4.055555556,0,0,2.7,0.36,2.9,0.67,0,4.5,111.1,261.1,2.637,2.126,2.348
5/29/2023,12:23:18 PM,Trout Bog,BogGhost,719.3,13.9,23.1,0.01,23.4,15,4.055555556,0,0,2.7,0.35,2.8,0.68,0,4.5,110.9,259.9,2.667,2.147,2.354
5/29/2023,12:23:20 PM,Trout Bog,BogGhost,719.4,13.8,23.1,0.01,23.4,15,4.055555556,0,0,2.6,0.34,2.8,0.68,0,4.51,110.8,258.6,2.697,2.168,2.362
5/29/2023,12:23:22 PM,Trout Bog,BogGhost,719.3,13.8,23,0.01,23.3,15,4.055555556,0,0,2.5,0.33,2.7,0.69,0,4.51,110.7,257.5,2.729,2.191,2.402
5/29/2023,12:23:24 PM,Trout Bog,BogGhost,719.3,13.8,23,0.01,23.3,15,4.055555556,0,0,2.5,0.32,2.6,0.7,0,4.51,110.5,256.4,2.758,2.211,2.4
5/29/2023,12:23:26 PM,Trout Bog,BogGhost,719.3,13.8,23,0.01,23.3,15,4.055555556,0,0,2.4,0.31,2.5,0.71,0,4.51,110.4,255.3,2.791,2.235,2.465
5/29/2023,12:23:28 PM,Trout Bog,BogGhost,719.4,13.8,23,0.01,23.3,15,4.055555556,0,0,2.3,0.31,2.5,0.71,0,4.52,110.3,254.2,2.82,2.255,2.453
5/29/2023,12:23:30 PM,Trout Bog,BogGhost,719.4,13.8,22.9,0.01,23.2,15,4.111111111,0,0,2.3,0.3,2.4,0.7,0,4.52,110.2,253.1,2.854,2.279,2.498
5/29/2023,12:23:32 PM,Trout Bog,BogGhost,719.3,13.8,22.9,0.01,23.2,15,4.111111111,0,0,2.2,0.29,2.3,0.71,0,4.52,110.1,252.1,2.883,2.299,2.486
5/29/2023,12:23:34 PM,Trout Bog,BogGhost,719.4,13.8,22.9,0.01,23.2,15,4.055555556,0,0,2.2,0.28,2.3,0.69,0,4.52,110,251.1,2.917,2.323,2.533
5/29/2023,12:23:36 PM,Trout Bog,BogGhost,719.4,13.7,22.9,0.01,23.2,15,4.055555556,0,0,2.1,0.28,2.2,0.69,0,4.52,110,250.1,2.949,2.345,2.587
5/29/2023,12:23:38 PM,Trout Bog,BogGhost,719.3,13.7,22.9,0.01,23.2,15,4.055555556,0,0,2.1,0.27,2.2,0.69,0,4.52,109.9,249.2,2.986,2.372,2.614
5/29/2023,12:23:40 PM,Trout Bog,BogGhost,719.4,13.7,22.9,0.01,23.2,15,4.055555556,0,0,2,0.26,2.1,0.68,0,4.52,109.8,248.3,3.021,2.396,2.662
5/29/2023,12:23:42 PM,Trout Bog,BogGhost,719.2,13.7,22.9,0.01,23.2,15,4.055555556,0,0,2,0.26,2.1,0.68,0,4.53,109.8,247.4,3.058,2.422,2.677
5/29/2023,12:23:44 PM,Trout Bog,BogGhost,719.3,13.7,22.9,0.01,23.2,15,4,0,0,1.9,0.25,2,0.67,0,4.53,109.7,246.5,3.095,2.448,2.716
5/29/2023,12:23:46 PM,Trout Bog,BogGhost,719.3,13.7,22.9,0.01,23.2,15,4,0,0,1.9,0.25,2,0.67,0,4.53,109.6,245.6,3.13,2.473,2.724
5/29/2023,12:23:48 PM,Trout Bog,BogGhost,719.3,13.7,22.9,0.01,23.2,15,4,0,0,1.8,0.24,1.9,0.68,0,4.53,109.5,244.8,3.17,2.501,2.78
5/29/2023,12:23:50 PM,Trout Bog,BogGhost,719.3,13.7,22.9,0.01,23.2,15,4,0,0,1.8,0.23,1.9,0.69,0,4.53,109.5,244,3.207,2.527,2.807
5/29/2023,12:23:52 PM,Trout Bog,BogGhost,719.3,13.7,22.9,0.01,23.2,15,3.944444444,0,0,1.7,0.23,1.8,0.68,0,4.53,109.4,243.2,3.249,2.556,2.849
5/29/2023,12:23:54 PM,Trout Bog,BogGhost,719.4,13.7,22.9,0.01,23.2,15,3.944444444,0,0,1.7,0.22,1.8,0.68,0,4.53,109.4,242.4,3.285,2.582,2.863
5/29/2023,12:23:56 PM,Trout Bog,BogGhost,719.4,13.7,22.9,0.01,23.2,15,3.944444444,0,0,1.7,0.22,1.8,0.69,0,4.53,109.3,241.6,3.326,2.611,2.887
5/29/2023,12:23:58 PM,Trout Bog,BogGhost,719.4,13.7,22.9,0.01,23.2,15,3.944444444,0,0,1.6,0.22,1.7,0.7,0,4.53,109.2,240.8,3.363,2.637,2.877
5/29/2023,12:24:00 PM,Trout Bog,BogGhost,719.5,13.7,22.9,0.01,23.2,15,3.944444444,0,0,1.6,0.21,1.7,0.72,0,4.54,109.2,240,3.405,2.666,2.926
5/29/2023,12:24:02 PM,Trout Bog,BogGhost,719.5,13.7,23,0.01,23.3,15,3.944444444,0,0,1.6,0.21,1.7,0.7,0,4.54,109.1,239.3,3.441,2.692,2.933
5/29/2023,12:24:04 PM,Trout Bog,BogGhost,719.3,13.7,23,0.01,23.3,15,3.944444444,0,0,1.6,0.21,1.6,0.69,0,4.54,109.1,238.4,3.481,2.72,2.946
5/29/2023,12:24:06 PM,Trout Bog,BogGhost,719.4,13.8,23,0.01,23.3,15,3.944444444,0,0,1.5,0.2,1.6,0.69,0,4.54,109,237.7,3.517,2.745,2.968
5/29/2023,12:24:08 PM,Trout Bog,BogGhost,719.5,13.8,23,0.01,23.3,15,3.944444444,0,0,1.5,0.2,1.6,0.69,0,4.54,109,237,3.556,2.772,2.972
5/29/2023,12:24:10 PM,Trout Bog,BogGhost,719.3,13.8,23,0.01,23.3,15,3.944444444,0,0,1.5,0.2,1.6,0.66,0,4.54,108.9,236.3,3.592,2.797,3.017
5/29/2023,12:24:12 PM,Trout Bog,BogGhost,719.2,13.8,23,0.01,23.3,15,3.888888889,0,0,1.5,0.19,1.5,0.66,0,4.54,108.9,235.6,3.631,2.825,3.023
5/29/2023,12:24:14 PM,Trout Bog,BogGhost,719.2,13.8,23.1,0.01,23.4,15,3.888888889,0,0,1.4,0.19,1.5,0.65,0,4.54,108.9,234.9,3.665,2.849,3.056
5/29/2023,12:24:16 PM,Trout Bog,BogGhost,719.3,13.8,23.1,0.01,23.4,15,3.888888889,0,0,1.4,0.19,1.5,0.63,0,4.54,108.8,234.2,3.7,2.874,3.081
5/29/2023,12:24:18 PM,Trout Bog,BogGhost,719.2,13.8,23.1,0.01,23.4,15,3.833333333,0,0,1.4,0.18,1.5,0.63,0,4.54,108.8,233.5,3.732,2.896,3.101
5/29/2023,12:24:20 PM,Trout Bog,BogGhost,719.2,13.8,23.1,0.01,23.4,15,3.833333333,0,0,1.4,0.18,1.4,0.63,0,4.54,108.8,232.8,3.764,2.919,3.131
5/29/2023,12:24:22 PM,Trout Bog,BogGhost,719.3,13.7,23.1,0.01,23.4,15,3.833333333,0,0,1.3,0.18,1.4,0.63,0,4.54,108.7,232.2,3.798,2.943,3.15
5/29/2023,12:24:24 PM,Trout Bog,BogGhost,719.3,13.7,23.1,0.01,23.4,15,3.833333333,0,0,1.3,0.17,1.4,0.63,0,4.54,108.7,231.5,3.83,2.965,3.16
5/29/2023,12:24:26 PM,Trout Bog,BogGhost,719.2,13.7,23.1,0.01,23.4,15,3.833333333,0,0,1.3,0.17,1.4,0.64,0,4.54,108.7,230.9,3.863,2.988,3.206
5/29/2023,12:24:28 PM,Trout Bog,BogGhost,719.2,13.7,23.1,0.01,23.3,15,3.833333333,0,0,1.3,0.17,1.4,0.64,0,4.54,108.7,230.2,3.891,3.008,3.193
5/29/2023,12:24:30 PM,Trout Bog,BogGhost,719.4,13.7,23,0.01,23.3,15,3.888888889,0,0,1.3,0.17,1.3,0.64,0,4.54,108.7,229.6,3.923,3.03,3.253
5/29/2023,12:24:32 PM,Trout Bog,BogGhost,719.4,13.7,23,0.01,23.3,15,3.888888889,0,0,1.2,0.16,1.3,0.65,0,4.54,108.6,229,3.949,3.049,3.221
5/29/2023,12:24:34 PM,Trout Bog,BogGhost,719.4,13.7,23,0.01,23.3,15,3.944444444,0,0,1.2,0.16,1.3,0.65,0,4.54,108.6,228.4,3.981,3.071,3.268
5/29/2023,12:24:36 PM,Trout Bog,BogGhost,719.4,13.7,23,0.01,23.3,15,3.944444444,0,0,1.2,0.16,1.3,0.65,0,4.55,108.6,227.9,4.008,3.09,3.282
5/29/2023,12:24:38 PM,Trout Bog,BogGhost,719.3,13.7,23,0.01,23.3,15,3.944444444,0,0,1.2,0.15,1.2,0.65,0,4.55,108.6,227.3,4.039,3.112,3.295
5/29/2023,12:24:40 PM,Trout Bog,BogGhost,719.4,13.7,23,0.01,23.3,15,3.944444444,0,0,1.2,0.15,1.2,0.63,0,4.55,108.6,226.8,4.067,3.131,3.331
5/29/2023,12:24:42 PM,Trout Bog,BogGhost,719.3,13.7,23,0.01,23.3,15,3.888888889,0,0,1.1,0.15,1.2,0.63,0,4.55,108.6,226.2,4.097,3.153,3.34
5/29/2023,12:24:44 PM,Trout Bog,BogGhost,719.3,13.7,23,0.01,23.3,15,3.888888889,0,0,1.1,0.15,1.2,0.62,0,4.55,108.6,225.6,4.126,3.173,3.374
5/29/2023,12:24:46 PM,Trout Bog,BogGhost,719.4,13.7,23,0.01,23.3,15,3.833333333,0,0,1.1,0.14,1.2,0.62,0,4.55,108.5,225,4.155,3.193,3.359
5/29/2023,12:24:48 PM,Trout Bog,BogGhost,719.3,13.7,23,0.01,23.3,15,3.833333333,0,0,1.1,0.14,1.1,0.63,0,4.55,108.5,224.4,4.184,3.214,3.378
5/29/2023,12:24:50 PM,Trout Bog,BogGhost,719.3,13.7,23,0.01,23.3,15,3.833333333,0,0,1.1,0.14,1.1,0.62,0,4.55,108.4,223.8,4.211,3.233,3.393
5/29/2023,12:24:52 PM,Trout Bog,BogGhost,719.4,13.7,23,0.01,23.3,15,3.833333333,0,0,1,0.14,1.1,0.63,0,4.55,108.4,223.2,4.239,3.253,3.411
5/29/2023,12:24:54 PM,Trout Bog,BogGhost,719.4,13.7,23,0.01,23.2,15,3.777777778,0,0,1,0.13,1.1,0.63,0,4.55,108.3,222.6,4.267,3.272,3.45
5/29/2023,12:24:56 PM,Trout Bog,BogGhost,719.4,13.7,22.9,0.01,23.2,15,3.777777778,0,0,1,0.13,1.1,0.62,0,4.55,108.3,221.9,4.296,3.293,3.484
5/29/2023,12:24:58 PM,Trout Bog,BogGhost,719.3,13.6,22.9,0.01,23.2,15,3.777777778,0,0,1,0.13,1,0.63,0,4.55,108.3,221.4,4.323,3.311,3.499
5/29/2023,12:25:00 PM,Trout Bog,BogGhost,719.3,13.6,22.9,0.01,23.2,15,3.777777778,0,0,1,0.13,1,0.65,0,4.55,108.3,220.7,4.351,3.332,3.534
5/29/2023,12:25:02 PM,Trout Bog,BogGhost,719.4,13.6,22.9,0.01,23.2,15,3.777777778,0,0,0.9,0.12,1,0.63,0,4.55,108.2,220.1,4.376,3.349,3.508
5/29/2023,12:25:04 PM,Trout Bog,BogGhost,719.3,13.6,22.9,0.01,23.2,15,3.777777778,0,0,0.9,0.12,1,0.62,0,4.55,108.2,219.5,4.405,3.37,3.557
5/29/2023,12:25:06 PM,Trout Bog,BogGhost,719.3,13.6,22.9,0.01,23.2,15,3.777777778,0,0,0.9,0.12,1,0.61,0,4.55,108.3,219,4.429,3.386,3.543
5/29/2023,12:25:08 PM,Trout Bog,BogGhost,719.4,13.6,22.9,0.01,23.2,15,3.722222222,0,0,0.9,0.12,0.9,0.6,0,4.55,108.3,218.5,4.455,3.405,3.562
5/29/2023,12:25:10 PM,Trout Bog,BogGhost,719.3,13.6,23,0.01,23.2,15,3.722222222,0,0,0.9,0.11,0.9,0.6,0,4.55,108.3,217.9,4.48,3.422,3.599
5/29/2023,12:25:12 PM,Trout Bog,BogGhost,719.3,13.6,23,0.01,23.3,15,3.722222222,0,0,0.8,0.11,0.9,0.61,0,4.55,108.4,217.4,4.507,3.441,3.596
5/29/2023,12:25:14 PM,Trout Bog,BogGhost,719.4,13.6,23,0.01,23.3,15,3.722222222,0,0,0.8,0.11,0.9,0.61,0,4.55,108.4,217,4.532,3.459,3.63
5/29/2023,12:25:16 PM,Trout Bog,BogGhost,719.2,13.7,23,0.01,23.3,15,3.722222222,0,0,0.8,0.11,0.9,0.62,0,4.55,108.5,216.5,4.554,3.474,3.595
5/29/2023,12:25:18 PM,Trout Bog,BogGhost,719.3,13.7,23,0.01,23.3,15,3.777777778,0,0,0.8,0.11,0.8,0.62,0,4.55,108.5,216,4.578,3.491,3.621
5/29/2023,12:25:20 PM,Trout Bog,BogGhost,719.3,13.6,23,0.01,23.3,15,3.777777778,0,0,0.8,0.1,0.8,0.62,0,4.55,108.5,215.6,4.601,3.507,3.619
5/29/2023,12:25:22 PM,Trout Bog,BogGhost,719.2,13.6,23,0.01,23.2,15,3.777777778,0,0,0.8,0.1,0.8,0.64,0,4.55,108.4,215.1,4.62,3.52,3.638
5/29/2023,12:25:24 PM,Trout Bog,BogGhost,719.2,13.6,22.9,0.01,23.2,15,3.777777778,0,0,0.8,0.1,0.8,0.62,0,4.55,108.4,214.7,4.64,3.535,3.641
5/29/2023,12:25:26 PM,Trout Bog,BogGhost,719.2,13.6,22.9,0.01,23.2,15,3.777777778,0,0,0.7,0.1,0.8,0.63,0,4.55,108.3,214.3,4.663,3.551,3.68
5/29/2023,12:25:28 PM,Trout Bog,BogGhost,719.2,13.6,22.9,0.01,23.2,15,3.777777778,0,0,0.7,0.1,0.8,0.62,0,4.55,108.2,213.8,4.684,3.565,3.674
5/29/2023,12:25:30 PM,Trout Bog,BogGhost,719.2,13.6,22.8,0.01,23.1,15,3.722222222,0,0,0.7,0.1,0.8,0.63,0,4.55,108.1,213.3,4.707,3.582,3.72
5/29/2023,12:25:32 PM,Trout Bog,BogGhost,719.3,13.5,22.8,0.01,23.1,15,3.722222222,0,0,0.7,0.09,0.8,0.61,0,4.56,107.9,212.7,4.726,3.595,3.721
5/29/2023,12:25:34 PM,Trout Bog,BogGhost,719.2,13.5,22.8,0.01,23.1,15,3.722222222,0,0,0.7,0.09,0.7,0.62,0,4.56,107.8,212.1,4.75,3.612,3.762
5/29/2023,12:25:36 PM,Trout Bog,BogGhost,719.2,13.5,22.7,0.01,23,15,3.722222222,0,0,0.7,0.09,0.7,0.62,0,4.56,107.6,211.6,4.769,3.625,3.788
5/29/2023,12:25:38 PM,Trout Bog,BogGhost,719.3,13.5,22.7,0.01,23,15,3.722222222,0,0,0.7,0.09,0.7,0.63,0,4.57,107.4,211,4.794,3.643,3.818
5/29/2023,12:25:40 PM,Trout Bog,BogGhost,719.3,13.5,22.7,0.01,23,15,3.722222222,0,0,0.7,0.09,0.7,0.63,0,4.57,107.1,210.4,4.816,3.658,3.841
5/29/2023,12:25:42 PM,Trout Bog,BogGhost,719.2,13.5,22.7,0.01,23,15,3.722222222,0,0,0.7,0.09,0.7,0.62,0,4.57,106.9,209.8,4.84,3.675,3.845
5/29/2023,12:25:44 PM,Trout Bog,BogGhost,719.3,13.5,22.7,0.01,23,15,3.722222222,0,0,0.7,0.09,0.7,0.63,0,4.58,106.7,209.2,4.862,3.691,3.874
5/29/2023,12:25:46 PM,Trout Bog,BogGhost,719.3,13.5,22.7,0.01,23,15,3.722222222,0,0,0.7,0.09,0.7,0.61,0,4.58,106.5,208.7,4.884,3.706,3.872
5/29/2023,12:25:48 PM,Trout Bog,BogGhost,719.4,13.5,22.7,0.01,23,15,3.722222222,0,0,0.6,0.08,0.7,0.61,0,4.58,106.3,208.1,4.908,3.723,3.892
5/29/2023,12:25:50 PM,Trout Bog,BogGhost,719.3,13.5,22.7,0.01,23,15,3.722222222,0,0,0.6,0.08,0.7,0.6,0,4.59,106.2,207.5,4.929,3.738,3.894
5/29/2023,12:25:52 PM,Trout Bog,BogGhost,719.3,13.5,22.7,0.01,23,15,3.722222222,0,0,0.6,0.08,0.7,0.58,0,4.59,106.1,207,4.952,3.754,3.92
5/29/2023,12:25:54 PM,Trout Bog,BogGhost,719.3,13.5,22.7,0.01,23,15,3.722222222,0,0,0.6,0.08,0.6,0.59,0,4.59,106,206.5,4.974,3.77,3.908
5/29/2023,12:25:56 PM,Trout Bog,BogGhost,719.3,13.5,22.7,0.01,23,15,3.722222222,0,0,0.6,0.08,0.6,0.59,0,4.59,105.9,206,4.999,3.787,3.943
5/29/2023,12:25:58 PM,Trout Bog,BogGhost,719.4,13.5,22.7,0.01,23,15,3.722222222,0,0,0.6,0.08,0.6,0.62,0,4.59,105.9,205.4,5.025,3.805,3.971
5/29/2023,12:26:00 PM,Trout Bog,BogGhost,719.3,13.5,22.7,0.01,23,15,3.722222222,0,0,0.6,0.08,0.6,0.62,0,4.59,105.9,205,5.055,3.826,4.021
5/29/2023,12:26:02 PM,Trout Bog,BogGhost,719.4,13.5,22.7,0.01,23,15,3.722222222,0,0,0.6,0.07,0.6,0.63,0,4.59,105.9,204.5,5.082,3.845,4.033
5/29/2023,12:26:04 PM,Trout Bog,BogGhost,719.2,13.5,22.7,0.01,23,15,3.722222222,0,0,0.5,0.07,0.6,0.65,0,4.59,106,204.1,5.115,3.869,4.097
5/29/2023,12:26:06 PM,Trout Bog,BogGhost,719.3,13.5,22.7,0.01,23,15,3.722222222,0,0,0.5,0.07,0.6,0.63,0,4.59,106,203.7,5.145,3.89,4.126
5/29/2023,12:26:08 PM,Trout Bog,BogGhost,719.3,13.5,22.7,0.01,23,15,3.722222222,0,0,0.5,0.07,0.5,0.63,0,4.59,106,203.3,5.181,3.915,4.149
5/29/2023,12:26:10 PM,Trout Bog,BogGhost,719.4,13.5,22.7,0.01,23,15,3.722222222,0,0,0.5,0.07,0.5,0.64,0,4.59,106,202.8,5.212,3.937,4.182
5/29/2023,12:26:12 PM,Trout Bog,BogGhost,719.2,13.5,22.7,0.01,23,15,3.722222222,0,0,0.5,0.07,0.5,0.62,0,4.59,106,202.3,5.246,3.961,4.176
5/29/2023,12:26:14 PM,Trout Bog,BogGhost,719.2,13.5,22.7,0.01,23,15,3.722222222,0,0,0.5,0.07,0.5,0.59,0,4.59,105.9,201.8,5.275,3.981,4.199
5/29/2023,12:26:16 PM,Trout Bog,BogGhost,719.2,13.5,22.7,0.01,23,15,3.722222222,0,0,0.5,0.06,0.5,0.59,0,4.6,105.7,201.2,5.304,4.002,4.196
5/29/2023,12:26:18 PM,Trout Bog,BogGhost,719.2,13.5,22.7,0.01,23,15,3.722222222,0,0,0.5,0.06,0.5,0.59,0,4.6,105.4,200.7,5.332,4.021,4.222
5/29/2023,12:26:20 PM,Trout Bog,BogGhost,719.2,13.5,22.7,0.01,23,15,3.722222222,0,0,0.5,0.06,0.5,0.6,0,4.61,105,199.9,5.359,4.041,4.239
5/29/2023,12:26:22 PM,Trout Bog,BogGhost,719.2,13.5,22.7,0.01,23,15,3.777777778,0,0,0.5,0.06,0.5,0.59,0,4.62,104.5,199.2,5.39,4.062,4.242
5/29/2023,12:26:24 PM,Trout Bog,BogGhost,719.3,13.5,22.6,0.01,22.9,15,3.777777778,0,0,0.5,0.06,0.5,0.58,0,4.63,104.1,198.4,5.418,4.082,4.258
5/29/2023,12:26:26 PM,Trout Bog,BogGhost,719.3,13.4,22.6,0.01,22.9,15,3.777777778,0,0,0.4,0.06,0.5,0.59,0,4.64,103.6,197.6,5.45,4.104,4.317
5/29/2023,12:26:28 PM,Trout Bog,BogGhost,719.3,13.4,22.6,0.01,22.9,15,3.777777778,0,0,0.4,0.06,0.5,0.6,0,4.65,103.1,196.9,5.483,4.128,4.369
5/29/2023,12:26:30 PM,Trout Bog,BogGhost,719.2,13.4,22.6,0.01,22.9,15,3.777777778,0,0,0.4,0.06,0.5,0.61,0,4.66,102.4,196,5.521,4.154,4.419
5/29/2023,12:26:32 PM,Trout Bog,BogGhost,719.2,13.4,22.6,0.01,22.9,15,3.777777778,0,0,0.4,0.05,0.4,0.62,0,4.67,101.9,195.2,5.556,4.179,4.392
5/29/2023,12:26:34 PM,Trout Bog,BogGhost,719.2,13.5,22.6,0.01,22.9,15,3.833333333,0,0,0.4,0.05,0.4,0.62,0,4.68,101.3,194.3,5.596,4.207,4.451
5/29/2023,12:26:36 PM,Trout Bog,BogGhost,719.2,13.5,22.6,0.01,22.9,15,3.833333333,0,0,0.4,0.05,0.4,0.62,0,4.68,100.9,193.6,5.628,4.229,4.426
5/29/2023,12:26:38 PM,Trout Bog,BogGhost,719.2,13.5,22.7,0.01,23,15,3.833333333,0,0,0.4,0.05,0.4,0.62,0,4.69,100.7,192.9,5.665,4.255,4.479
5/29/2023,12:26:40 PM,Trout Bog,BogGhost,719.2,13.5,22.7,0.01,23,15,3.833333333,0,0,0.4,0.05,0.4,0.63,0,4.69,100.5,192.2,5.695,4.276,4.469
5/29/2023,12:26:42 PM,Trout Bog,BogGhost,719.3,13.5,22.7,0.01,23,15,3.833333333,0,0,0.4,0.05,0.4,0.62,0,4.69,100.5,191.6,5.728,4.299,4.486
5/29/2023,12:26:44 PM,Trout Bog,BogGhost,719.3,13.6,22.8,0.01,23,15,3.833333333,0,0,0.3,0.04,0.4,0.61,0,4.69,100.5,191.2,5.754,4.318,4.513
5/29/2023,12:26:46 PM,Trout Bog,BogGhost,719.2,13.6,22.8,0.01,23.1,15,3.833333333,0,0,0.3,0.04,0.3,0.6,0,4.69,100.7,190.8,5.784,4.339,4.511
5/29/2023,12:26:48 PM,Trout Bog,BogGhost,719.2,13.6,22.8,0.01,23.1,15,3.833333333,0,0,0.3,0.04,0.3,0.57,0,4.69,100.8,190.5,5.809,4.356,4.524
5/29/2023,12:26:50 PM,Trout Bog,BogGhost,719.2,13.6,22.8,0.01,23.1,15,3.833333333,0,0,0.3,0.04,0.3,0.57,0,4.68,101,190.2,5.833,4.374,4.535
5/29/2023,12:26:52 PM,Trout Bog,BogGhost,719.3,13.6,22.8,0.01,23.1,15,3.833333333,0,0,0.3,0.04,0.3,0.57,0,4.68,101.4,190,5.862,4.394,4.554
5/29/2023,12:26:54 PM,Trout Bog,BogGhost,719.3,13.6,22.8,0.01,23.1,15,3.833333333,0,0,0.3,0.04,0.3,0.57,0,4.67,101.7,189.7,5.888,4.412,4.548
5/29/2023,12:26:56 PM,Trout Bog,BogGhost,719.2,13.6,22.8,0.01,23.1,15,3.833333333,0,0,0.3,0.04,0.3,0.57,0,4.67,102,189.6,5.916,4.432,4.573
5/29/2023,12:26:58 PM,Trout Bog,BogGhost,719.3,13.6,22.8,0.01,23.1,15,3.833333333,0,0,0.3,0.04,0.3,0.58,0,4.66,102.3,189.4,5.941,4.449,4.569
5/29/2023,12:27:00 PM,Trout Bog,BogGhost,719.2,13.6,22.8,0.01,23.1,15,3.833333333,0,0,0.3,0.04,0.3,0.58,0,4.66,102.5,189.2,5.968,4.469,4.605
5/29/2023,12:27:02 PM,Trout Bog,BogGhost,719.2,13.6,22.8,0.01,23.1,15,3.833333333,0,0,0.3,0.03,0.3,0.59,0,4.65,102.8,189,5.991,4.485,4.576
5/29/2023,12:27:04 PM,Trout Bog,BogGhost,719.2,13.6,22.8,0.01,23.1,15,3.833333333,0,0,0.3,0.03,0.3,0.59,0,4.65,103,188.8,6.016,4.502,4.621
5/29/2023,12:27:06 PM,Trout Bog,BogGhost,719.3,13.6,22.8,0.01,23.1,15,3.833333333,0,0,0.2,0.03,0.3,0.6,0,4.64,103.1,188.6,6.033,4.514,4.606
5/29/2023,12:27:08 PM,Trout Bog,BogGhost,719.2,13.6,22.8,0.01,23.1,15,3.833333333,0,0,0.2,0.03,0.3,0.6,0,4.64,103.2,188.3,6.052,4.528,4.636
5/29/2023,12:27:10 PM,Trout Bog,BogGhost,719.2,13.6,22.9,0.01,23.2,15,3.833333333,0,0,0.2,0.03,0.3,0.61,0,4.64,103.3,188,6.069,4.539,4.65
5/29/2023,12:27:12 PM,Trout Bog,BogGhost,719.3,13.7,22.9,0.01,23.2,15,3.833333333,0,0,0.2,0.03,0.2,0.6,0,4.64,103.3,187.6,6.091,4.555,4.718
5/29/2023,12:27:14 PM,Trout Bog,BogGhost,719.3,13.7,22.9,0.01,23.2,15,3.833333333,0,0,0.2,0.03,0.2,0.6,0,4.64,103.2,187.2,6.112,4.57,4.763
5/29/2023,12:27:16 PM,Trout Bog,BogGhost,719.2,13.7,23,0.01,23.3,15,3.833333333,0,0,0.2,0.03,0.2,0.6,0,4.65,103,186.7,6.137,4.587,4.765
5/29/2023,12:27:18 PM,Trout Bog,BogGhost,719.2,13.7,23,0.01,23.3,15,3.833333333,0,0,0.2,0.03,0.2,0.6,0,4.65,102.8,186.2,6.159,4.603,4.807
5/29/2023,12:27:20 PM,Trout Bog,BogGhost,719.3,13.7,23,0.01,23.3,15,3.833333333,0,0,0.2,0.03,0.2,0.61,0,4.65,102.7,185.7,6.185,4.621,4.815
5/29/2023,12:27:22 PM,Trout Bog,BogGhost,719.3,13.7,23.1,0.01,23.3,15,3.833333333,0,0,0.2,0.03,0.2,0.6,0,4.66,102.5,185.2,6.209,4.638,4.834
5/29/2023,12:27:24 PM,Trout Bog,BogGhost,719.3,13.7,23.1,0.01,23.4,15,3.833333333,0,0,0.2,0.02,0.2,0.6,0,4.66,102.4,184.8,6.236,4.657,4.861
5/29/2023,12:27:26 PM,Trout Bog,BogGhost,719.2,13.8,23.1,0.01,23.4,15,3.833333333,0,0,0.2,0.02,0.2,0.61,0,4.66,102.4,184.4,6.26,4.674,4.858
5/29/2023,12:27:28 PM,Trout Bog,BogGhost,719.2,13.8,23.1,0.01,23.4,15,3.833333333,0,0,0.2,0.02,0.2,0.62,0,4.66,102.3,184.1,6.287,4.693,4.874
5/29/2023,12:27:30 PM,Trout Bog,BogGhost,719.3,13.8,23.2,0.01,23.5,15,3.833333333,0,0,0.2,0.02,0.2,0.63,0,4.66,102.4,183.8,6.312,4.71,4.908
5/29/2023,12:27:32 PM,Trout Bog,BogGhost,719.2,13.8,23.2,0.01,23.5,15,3.777777778,0,0,0.2,0.02,0.2,0.64,0,4.65,102.6,183.7,6.337,4.728,4.904
5/29/2023,12:27:34 PM,Trout Bog,BogGhost,719.2,13.9,23.3,0.01,23.6,15,3.777777778,0,0,0.2,0.02,0.2,0.65,0,4.65,103,183.7,6.367,4.749,4.948
5/29/2023,12:27:36 PM,Trout Bog,BogGhost,719.2,13.9,23.4,0.01,23.7,15,3.777777778,0,0,0.2,0.02,0.2,0.66,0,4.54,109,183.8,6.392,4.766,4.928
5/29/2023,12:27:38 PM,Trout Bog,BogGhost,719.2,14,23.6,0.01,23.9,15,3.777777778,0,0,0.2,0.02,0.2,0.66,0,4.52,110,183.9,6.423,4.788,4.989
5/29/2023,12:27:40 PM,Trout Bog,BogGhost,719.2,14.1,23.7,0.01,24,15,3.777777778,0,0,0.2,0.02,0.2,0.64,0,4.51,110.3,184.2,6.448,4.806,4.94
5/29/2023,12:27:42 PM,Trout Bog,BogGhost,719.2,14.1,23.7,0.01,24,15,3.777777778,0,0,0.2,0.02,0.2,0.66,0,4.51,110.7,184.4,6.478,4.827,4.99
5/29/2023,12:27:44 PM,Trout Bog,BogGhost,719.3,14.1,23.8,0.01,24.1,15,3.777777778,0,0,0.2,0.02,0.2,0.65,0,4.5,111,184.7,6.504,4.846,4.979
5/29/2023,12:27:46 PM,Trout Bog,BogGhost,719.2,14.2,23.8,0.01,24.1,15,3.777777778,0,0,0.2,0.02,0.2,0.65,0,4.5,111.2,185.1,6.533,4.866,5.001
5/29/2023,12:27:48 PM,Trout Bog,BogGhost,719.2,14.2,23.9,0.01,24.2,16,3.777777778,0,0,0.2,0.02,0.2,0.65,0,4.49,111.5,185.5,6.56,4.885,5.043
5/29/2023,12:27:50 PM,Trout Bog,BogGhost,719.2,14.2,23.9,0.01,24.2,16,3.777777778,0,0,0.2,0.02,0.2,0.64,0,4.49,111.7,185.9,6.586,4.903,5.052
5/29/2023,12:27:52 PM,Trout Bog,BogGhost,719.3,14.2,24,0.01,24.3,16,3.722222222,0,0,0.2,0.02,0.2,0.63,0,4.48,112,186.3,6.611,4.92,5.105
5/29/2023,12:27:54 PM,Trout Bog,BogGhost,719.3,14.3,24.1,0.01,24.4,16,3.722222222,0,0,0.2,0.02,0.2,0.64,0,4.48,112.3,186.6,6.636,4.938,5.126
5/29/2023,12:27:56 PM,Trout Bog,BogGhost,719.2,14.3,24.2,0.01,24.5,16,3.722222222,0,0,0.1,0.02,0.2,0.62,0,4.47,112.6,187,6.664,4.958,5.169
5/29/2023,12:27:58 PM,Trout Bog,BogGhost,719.2,14.4,24.3,0.01,24.6,16,3.722222222,0,0,0.1,0.02,0.1,0.64,0,4.47,112.8,187.4,6.691,4.977,5.223
5/29/2023,12:28:00 PM,Trout Bog,BogGhost,719.2,14.5,24.5,0.01,24.8,16,3.722222222,0,0,0.1,0.02,0.1,0.63,0,4.46,113,187.7,6.723,4.999,5.242
5/29/2023,12:28:02 PM,Trout Bog,BogGhost,719.2,14.6,24.6,0.01,24.9,16,3.722222222,0,0,0.1,0.02,0.1,0.63,0,4.46,113.3,188.1,6.753,5.02,5.26
5/29/2023,12:28:04 PM,Trout Bog,BogGhost,719.2,14.7,24.7,0.01,25,16,3.722222222,0,0,0.1,0.01,0.1,0.63,0,4.45,113.7,188.3,6.783,5.041,5.239
5/29/2023,12:28:06 PM,Trout Bog,BogGhost,719.3,14.7,24.8,0.01,25.1,16,3.722222222,0,0,0.1,0.01,0.1,0.64,0,4.45,114,188.6,6.809,5.06,5.236
5/29/2023,12:28:08 PM,Trout Bog,BogGhost,719.2,14.7,24.8,0.01,25.2,16,3.722222222,0,0,0.1,0.01,0.1,0.62,0,4.44,114.3,188.8,6.84,5.081,5.281
5/29/2023,12:28:10 PM,Trout Bog,BogGhost,719.3,14.8,24.9,0.01,25.2,16,3.722222222,0,0,0.1,0.01,0.1,0.64,0,4.44,114.5,188.9,6.864,5.098,5.251
5/29/2023,12:28:12 PM,Trout Bog,BogGhost,719.2,14.8,24.8,0.01,25.2,16,3.722222222,0,0,0.1,0.01,0.1,0.64,0,4.43,114.7,189,6.891,5.118,5.274
5/29/2023,12:28:14 PM,Trout Bog,BogGhost,719.2,14.8,24.9,0.01,25.2,16,3.722222222,0,0,0.1,0.01,0.1,0.64,0,4.43,114.8,189.1,6.917,5.136,5.308
5/29/2023,12:28:16 PM,Trout Bog,BogGhost,719.3,14.8,25,0.01,25.3,16,3.722222222,0,0,0.1,0.01,0.1,0.64,0,4.43,114.9,189.1,6.945,5.156,5.319
5/29/2023,12:28:18 PM,Trout Bog,BogGhost,719.2,14.8,25,0.01,25.3,16,3.722222222,0,0,0.1,0.01,0.1,0.66,0,4.43,115,189.1,6.972,5.174,5.333
5/29/2023,12:28:20 PM,Trout Bog,BogGhost,719.2,14.8,25,0.01,25.3,16,3.722222222,0,0,0,0.01,0,0.66,0,4.43,115.1,189.1,6.999,5.193,5.314
5/29/2023,12:28:22 PM,Trout Bog,BogGhost,719.2,14.9,25.1,0.01,25.4,16,3.722222222,0,0,0,0.01,0,0.67,0,4.43,115.1,189,7.028,5.214,5.395
5/29/2023,12:28:24 PM,Trout Bog,BogGhost,719.2,15,25.3,0.01,25.6,16,3.722222222,0,0,0,0,0,0.67,0,4.42,115.1,189,7.055,5.233,5.381
5/29/2023,12:28:26 PM,Trout Bog,BogGhost,719.2,15,25.3,0.01,25.7,16,3.722222222,0,0,0,0,0,0.68,0,4.42,115.2,188.9,7.084,5.253,5.392
5/29/2023,12:28:28 PM,Trout Bog,BogGhost,719.2,15.1,25.4,0.01,25.7,17,3.722222222,0,0,0,0,0,0.68,0,4.42,115.3,188.8,7.109,5.271,5.394
5/29/2023,12:28:30 PM,Trout Bog,BogGhost,719.2,15.1,25.5,0.01,25.8,17,3.722222222,0,0,0,0,0,0.68,0,4.42,115.3,188.7,7.133,5.288,5.419
5/29/2023,12:28:32 PM,Trout Bog,BogGhost,719.3,15.2,25.6,0.01,25.9,17,3.722222222,0,0,0,0,0,0.7,0,4.42,115.4,188.7,7.156,5.303,5.418
5/29/2023,12:28:34 PM,Trout Bog,BogGhost,719.3,15.2,25.7,0.01,26,17,3.722222222,0,0,0,0,0,0.7,0,4.42,115.5,188.6,7.177,5.319,5.446
5/29/2023,12:28:36 PM,Trout Bog,BogGhost,719.3,15.2,25.7,0.01,26,17,3.722222222,0,0,0,0,0,0.7,0,4.42,115.5,188.5,7.194,5.33,5.424
5/29/2023,12:28:38 PM,Trout Bog,BogGhost,719.3,15.2,25.7,0.01,26,17,3.722222222,0,0,0,0,0,0.7,0,4.42,115.6,188.4,7.21,5.342,5.467
5/29/2023,12:28:40 PM,Trout Bog,BogGhost,719.4,15.3,25.7,0.01,26,17,3.722222222,0,0,0,0,0,0.7,0,4.41,115.7,188.3,7.224,5.352,5.451
5/29/2023,12:28:42 PM,Trout Bog,BogGhost,719.4,15.3,25.7,0.01,26,17,3.722222222,0,0,0,0,0,0.71,0,4.41,115.8,188.2,7.245,5.366,5.517
5/29/2023,12:28:44 PM,Trout Bog,BogGhost,719.2,15.3,25.7,0.01,26.1,17,3.722222222,0,0,0,0,0,0.72,0,4.41,115.9,188.1,7.262,5.379,5.505
5/29/2023,12:28:46 PM,Trout Bog,BogGhost,719.4,15.3,25.7,0.01,26.1,17,3.722222222,0,0,0,0,0,0.7,0,4.41,116,188,7.284,5.394,5.526
5/29/2023,12:28:48 PM,Trout Bog,BogGhost,719.3,15.3,25.8,0.01,26.1,17,3.722222222,0,0,0,0,0,0.73,0,4.41,116.1,187.9,7.302,5.407,5.542
5/29/2023,12:28:50 PM,Trout Bog,BogGhost,719.3,15.3,25.8,0.01,26.1,17,3.722222222,0,0,0,0,0,0.74,0,4.41,116.2,187.9,7.325,5.423,5.554
5/29/2023,12:28:52 PM,Trout Bog,BogGhost,719.3,15.3,25.8,0.01,26.2,17,3.722222222,0,0,0,0,0,0.75,0,4.4,116.3,187.8,7.344,5.436,5.565
5/29/2023,12:28:54 PM,Trout Bog,BogGhost,719.3,15.3,25.8,0.01,26.2,17,3.722222222,0,0,0,0,0,0.73,0,4.4,116.3,187.8,7.361,5.448,5.572
5/29/2023,12:28:56 PM,Trout Bog,BogGhost,719.2,15.3,25.8,0.01,26.2,17,3.722222222,0,0,0,0,0,0.71,0,4.4,116.4,187.7,7.381,5.462,5.585
5/29/2023,12:28:58 PM,Trout Bog,BogGhost,719.2,15.4,25.8,0.01,26.2,17,3.722222222,0,0,0,0,0,0.72,0,4.4,116.5,187.7,7.4,5.476,5.59
5/29/2023,12:29:00 PM,Trout Bog,BogGhost,719.2,15.4,25.9,0.01,26.2,17,3.722222222,0,0,0,0,0,0.72,0,4.4,116.6,187.6,7.419,5.489,5.632
5/29/2023,12:29:02 PM,Trout Bog,BogGhost,719.2,15.4,25.9,0.01,26.2,17,3.722222222,0,0,0,0,0,0.73,0,4.4,116.6,187.5,7.438,5.502,5.658
5/29/2023,12:29:04 PM,Trout Bog,BogGhost,719.2,15.4,26,0.01,26.3,17,3.722222222,0,0,0,0,0,0.72,0,4.4,116.7,187.5,7.459,5.517,5.675
5/29/2023,12:29:06 PM,Trout Bog,BogGhost,719.2,15.5,26,0.01,26.4,17,3.722222222,0,0,0,0,0,0.73,0,4.39,116.8,187.4,7.479,5.531,5.664
5/29/2023,12:29:08 PM,Trout Bog,BogGhost,719.2,15.5,26.1,0.01,26.4,17,3.777777778,0,0,0,0,0,0.75,0,4.39,116.8,187.3,7.502,5.547,5.716
5/29/2023,12:29:10 PM,Trout Bog,BogGhost,719.2,15.5,26.2,0.01,26.5,17,3.777777778,0,0,0,-0.01,0,0.78,0,4.39,116.9,187.1,7.521,5.56,5.69
5/29/2023,12:29:12 PM,Trout Bog,BogGhost,719.3,15.6,26.2,0.01,26.6,17,3.777777778,0,0,0,-0.01,-0.1,0.77,0,4.39,116.9,187,7.545,5.577,5.735
5/29/2023,12:29:14 PM,Trout Bog,BogGhost,719.2,15.6,26.3,0.01,26.6,17,3.777777778,0,0,-0.1,-0.01,-0.1,0.78,0,4.39,117,186.7,7.565,5.591,5.74
5/29/2023,12:29:16 PM,Trout Bog,BogGhost,719.2,15.7,26.3,0.01,26.7,17,3.777777778,0,0,-0.1,-0.01,-0.1,0.77,0,4.39,117,186.5,7.591,5.609,5.776
5/29/2023,12:29:18 PM,Trout Bog,BogGhost,719.3,15.7,26.4,0.01,26.7,17,3.777777778,0,0,-0.1,-0.01,-0.1,0.78,0,4.39,117,186.1,7.612,5.624,5.772
5/29/2023,12:29:20 PM,Trout Bog,BogGhost,719.2,15.7,26.4,0.01,26.7,17,3.777777778,0,0,-0.1,-0.01,-0.1,0.77,0,4.39,116.9,185.7,7.634,5.64,5.782
5/29/2023,12:29:22 PM,Trout Bog,BogGhost,719.2,15.7,26.4,0.01,26.8,17,3.777777778,0,0,-0.1,-0.01,-0.1,0.78,0,4.39,116.8,185.2,7.655,5.655,5.818
5/29/2023,12:29:24 PM,Trout Bog,BogGhost,719.2,15.7,26.4,0.01,26.8,17,3.777777778,0,0,-0.1,-0.01,-0.1,0.8,0,4.4,116.7,184.6,7.678,5.671,5.814
5/29/2023,12:29:26 PM,Trout Bog,BogGhost,719.2,15.7,26.5,0.01,26.8,17,3.777777778,0,0,-0.1,-0.01,-0.1,0.8,0,4.4,116.4,183.9,7.699,5.686,5.821
5/29/2023,12:29:28 PM,Trout Bog,BogGhost,719.2,15.7,26.5,0.01,26.8,17,3.777777778,0,0,-0.1,-0.02,-0.1,0.8,0,4.41,116.1,183.1,7.722,5.701,5.841
5/29/2023,12:29:30 PM,Trout Bog,BogGhost,719.3,15.7,26.5,0.01,26.8,17,3.777777778,0,0,-0.1,-0.02,-0.1,0.79,0,4.41,115.7,182.2,7.742,5.716,5.846
5/29/2023,12:29:32 PM,Trout Bog,BogGhost,719.2,15.7,26.5,0.01,26.8,17,3.777777778,0,0,-0.1,-0.02,-0.1,0.79,0,4.42,115.3,181.2,7.764,5.731,5.87
5/29/2023,12:29:34 PM,Trout Bog,BogGhost,719.2,15.7,26.4,0.01,26.8,17,3.777777778,0,0,-0.1,-0.02,-0.1,0.78,0,4.43,114.8,180.2,7.787,5.748,5.902
5/29/2023,12:29:36 PM,Trout Bog,BogGhost,719.2,15.7,26.4,0.01,26.8,17,3.777777778,0,0,-0.1,-0.02,-0.1,0.77,0,4.44,114.3,179.2,7.81,5.763,5.895
5/29/2023,12:29:38 PM,Trout Bog,BogGhost,719.2,15.7,26.4,0.01,26.8,17,3.777777778,0,0,-0.1,-0.02,-0.1,0.78,0,4.45,113.7,178.2,7.834,5.78,5.957
5/29/2023,12:29:40 PM,Trout Bog,BogGhost,719.2,15.7,26.4,0.01,26.7,17,3.777777778,0,0,-0.1,-0.02,-0.1,0.78,0,4.46,113.1,177.3,7.855,5.795,5.931
5/29/2023,12:29:42 PM,Trout Bog,BogGhost,719.2,15.7,26.4,0.01,26.7,17,3.777777778,0,0,-0.1,-0.02,-0.1,0.79,0,4.47,112.5,176.4,7.882,5.814,6.03
5/29/2023,12:29:44 PM,Trout Bog,BogGhost,719.3,15.7,26.4,0.01,26.7,17,3.777777778,0,0,-0.1,-0.02,-0.1,0.82,0,4.48,111.9,175.6,7.906,5.831,6.014
5/29/2023,12:29:46 PM,Trout Bog,BogGhost,719.2,15.7,26.4,0.01,26.7,17,3.777777778,0,0,-0.1,-0.02,-0.1,0.84,0,4.49,111.4,174.9,7.934,5.851,6.033
5/29/2023,12:29:48 PM,Trout Bog,BogGhost,719.3,15.7,26.4,0.01,26.7,17,3.777777778,0,0,-0.1,-0.02,-0.1,0.84,0,4.5,111.1,174.3,7.957,5.867,6.064
5/29/2023,12:29:50 PM,Trout Bog,BogGhost,719.3,15.8,26.6,0.01,26.9,17,3.833333333,0,0,-0.1,-0.02,-0.1,0.86,0,4.51,110.7,173.7,7.994,5.893,6.211
5/29/2023,12:29:52 PM,Trout Bog,BogGhost,719.2,16,26.8,0.01,27.1,17,3.833333333,0,0,-0.1,-0.02,-0.1,0.87,0,4.52,110.1,173,8.029,5.918,6.251
5/29/2023,12:29:54 PM,Trout Bog,BogGhost,719.2,16.1,27,0.01,27.4,18,3.833333333,0,0,-0.1,-0.02,-0.1,0.86,0,4.53,109.5,172.3,8.068,5.945,6.247
5/29/2023,12:29:56 PM,Trout Bog,BogGhost,719.2,16.2,27.3,0.01,27.6,18,3.833333333,0,0,-0.2,-0.02,-0.2,0.89,0,4.65,102.9,171.6,8.104,5.97,6.288
5/29/2023,12:29:58 PM,Trout Bog,BogGhost,719.2,16.4,27.5,0.01,27.9,18,3.833333333,0,0,-0.2,-0.02,-0.2,0.92,0,4.67,101.9,170.9,8.14,5.996,6.279
5/29/2023,12:30:00 PM,Trout Bog,BogGhost,719.3,16.6,27.8,0.01,28.2,18,3.833333333,0,0,-0.2,-0.02,-0.2,0.94,0,4.67,101.9,170.2,8.18,6.024,6.312
5/29/2023,12:30:02 PM,Trout Bog,BogGhost,719.3,16.7,28.1,0.01,28.4,18,3.833333333,0,0,-0.2,-0.02,-0.2,0.97,0,4.67,101.5,162.8,8.215,6.049,6.301
5/29/2023,12:30:04 PM,Trout Bog,BogGhost,719.2,16.9,28.3,0.01,28.7,18,3.833333333,0,0,-0.2,-0.02,-0.2,1,0,4.68,101.2,162.3,8.255,6.076,6.317
5/29/2023,12:30:06 PM,Trout Bog,BogGhost,719.2,17,28.6,0.01,28.9,19,3.833333333,0,0,-0.2,-0.02,-0.2,1.03,0,4.69,100.7,161.5,8.292,6.103,6.366
5/29/2023,12:30:08 PM,Trout Bog,BogGhost,719.2,17.2,28.9,0.01,29.2,19,3.888888889,0,0,-0.2,-0.02,-0.2,1.06,0,4.7,100.3,160.8,8.335,6.133,6.407
5/29/2023,12:30:10 PM,Trout Bog,BogGhost,719.3,17.4,29.2,0.01,29.5,19,3.888888889,0,0,-0.2,-0.02,-0.2,1.1,0,4.7,99.9,160.4,8.373,6.16,6.391
5/29/2023,12:30:12 PM,Trout Bog,BogGhost,719.2,17.6,29.5,0.01,29.8,19,3.888888889,0,0,-0.2,-0.02,-0.2,1.11,0,4.71,99.6,159.9,8.417,6.191,6.457
5/29/2023,12:30:14 PM,Trout Bog,BogGhost,719.2,17.8,29.8,0.01,30.1,19,3.888888889,0,0,-0.2,-0.02,-0.2,1.13,0,4.71,99.3,159.5,8.456,6.218,6.44
5/29/2023,12:30:16 PM,Trout Bog,BogGhost,719.2,17.9,30,0.01,30.4,19,3.888888889,0,0,-0.2,-0.02,-0.2,1.16,0,4.72,99.1,159,8.498,6.247,6.458
5/29/2023,12:30:18 PM,Trout Bog,BogGhost,719.2,18,30.1,0.01,30.5,20,3.888888889,0,0,-0.2,-0.02,-0.2,1.19,0,4.72,98.9,158.6,8.535,6.274,6.479
5/29/2023,12:30:20 PM,Trout Bog,BogGhost,719.2,18.1,30.3,0.01,30.7,20,3.888888889,0,0,-0.2,-0.02,-0.2,1.21,0,4.72,98.8,158.3,8.576,6.302,6.518
5/29/2023,12:30:22 PM,Trout Bog,BogGhost,719.2,18.2,30.5,0.01,30.9,20,3.944444444,0,0,-0.2,-0.03,-0.2,1.23,0,4.73,98.5,157.9,8.613,6.328,6.549
5/29/2023,12:30:24 PM,Trout Bog,BogGhost,719.2,18.3,30.7,0.01,31.1,20,3.944444444,0,0,-0.2,-0.03,-0.2,1.23,0,4.74,98.2,157.6,8.654,6.357,6.538
5/29/2023,12:30:26 PM,Trout Bog,BogGhost,719.2,18.5,30.9,0.01,31.3,20,3.944444444,0,0,-0.2,-0.03,-0.2,1.26,0,4.74,97.9,157.3,8.69,6.382,6.571
5/29/2023,12:30:28 PM,Trout Bog,BogGhost,719.2,18.5,31,0.01,31.4,20,3.944444444,0,0,-0.2,-0.03,-0.2,1.27,0,4.75,97.7,156.6,8.719,6.402,6.575
5/29/2023,12:30:30 PM,Trout Bog,BogGhost,719.2,18.6,31.1,0.01,31.5,20,3.944444444,0,0,-0.2,-0.03,-0.2,1.31,0,4.75,97.6,156,8.742,6.419,6.556
5/29/2023,12:30:32 PM,Trout Bog,BogGhost,719.2,18.7,31.3,0.01,31.7,20,3.944444444,0,0,-0.2,-0.03,-0.2,1.32,0,4.75,97.6,155.4,8.768,6.437,6.596
5/29/2023,12:30:34 PM,Trout Bog,BogGhost,719.2,18.7,31.4,0.01,31.8,20,3.944444444,0,0,-0.2,-0.03,-0.2,1.31,0,4.74,97.7,154.9,8.792,6.454,6.599
5/29/2023,12:30:36 PM,Trout Bog,BogGhost,719.2,18.8,31.4,0.01,31.8,20,3.944444444,0,0,-0.2,-0.03,-0.3,1.33,0,4.74,98,154.4,8.819,6.473,6.637
5/29/2023,12:30:38 PM,Trout Bog,BogGhost,719.3,18.8,31.5,0.01,31.9,20,3.944444444,0,0,-0.2,-0.03,-0.3,1.36,0,4.73,98.3,154,8.842,6.49,6.655
5/29/2023,12:30:40 PM,Trout Bog,BogGhost,719.2,18.9,31.5,0.01,32,21,3.944444444,0,0,-0.3,-0.03,-0.3,1.35,0,4.72,98.8,153.8,8.867,6.507,6.644
5/29/2023,12:30:42 PM,Trout Bog,BogGhost,719.2,18.9,31.6,0.01,32,21,3.944444444,0,0,-0.3,-0.03,-0.3,1.36,0,4.72,99.3,153.6,8.895,6.527,6.697
5/29/2023,12:30:44 PM,Trout Bog,BogGhost,719.2,18.9,31.6,0.01,32,21,3.944444444,0,0,-0.3,-0.03,-0.3,1.35,0,4.71,99.8,153.5,8.918,6.543,6.675
5/29/2023,12:30:46 PM,Trout Bog,BogGhost,719.2,18.9,31.6,0.01,32,21,3.944444444,0,0,-0.3,-0.04,-0.3,1.34,0,4.7,100.3,153.4,8.945,6.561,6.733
5/29/2023,12:30:48 PM,Trout Bog,BogGhost,719.2,18.9,31.6,0.01,32,21,3.944444444,0,0,-0.3,-0.04,-0.3,1.34,0,4.68,101,153.4,8.964,6.575,6.691
5/29/2023,12:30:50 PM,Trout Bog,BogGhost,719.2,18.9,31.6,0.01,32,21,3.944444444,0,0,-0.3,-0.04,-0.3,1.31,0,4.67,101.9,153.4,8.989,6.593,6.752
5/29/2023,12:30:52 PM,Trout Bog,BogGhost,719.2,18.9,31.6,0.01,32,21,3.944444444,0,0,-0.3,-0.04,-0.3,1.29,0,4.65,102.7,153.5,9.01,6.607,6.754
5/29/2023,12:30:54 PM,Trout Bog,BogGhost,719.3,18.9,31.6,0.01,32,21,3.944444444,0,0,-0.3,-0.04,-0.3,1.28,0,4.64,103.4,153.6,9.034,6.624,6.784
5/29/2023,12:30:56 PM,Trout Bog,BogGhost,719.3,18.9,31.6,0.01,32,21,3.944444444,0,0,-0.3,-0.04,-0.3,1.27,0,4.63,104.1,153.7,9.056,6.64,6.805
5/29/2023,12:30:58 PM,Trout Bog,BogGhost,719.2,18.9,31.6,0.01,32,21,3.944444444,0,0,-0.3,-0.04,-0.3,1.24,0,4.61,104.8,153.9,9.077,6.655,6.783
5/29/2023,12:31:00 PM,Trout Bog,BogGhost,719.2,18.9,31.5,0.01,31.9,20,3.944444444,0,0,-0.3,-0.04,-0.3,1.22,0,4.6,105.4,154.1,9.097,6.669,6.825
5/29/2023,12:31:02 PM,Trout Bog,BogGhost,719.2,18.9,31.5,0.01,31.9,20,3.944444444,0,0,-0.3,-0.04,-0.3,1.23,0,4.59,106,154.3,9.117,6.682,6.816
5/29/2023,12:31:04 PM,Trout Bog,BogGhost,719.3,18.9,31.5,0.01,32,21,3.944444444,0,0,-0.3,-0.04,-0.3,1.25,0,4.58,106.6,154.4,9.139,6.698,6.846
5/29/2023,12:31:06 PM,Trout Bog,BogGhost,719.3,18.9,31.6,0.01,32,21,3.944444444,0,0,-0.3,-0.04,-0.3,1.24,0,4.57,107.2,154.5,9.161,6.713,6.879
5/29/2023,12:31:08 PM,Trout Bog,BogGhost,719.2,18.9,31.6,0.01,32,21,3.944444444,0,0,-0.3,-0.04,-0.3,1.27,0,4.56,107.8,154.7,9.187,6.732,6.913
5/29/2023,12:31:10 PM,Trout Bog,BogGhost,719.2,18.9,31.6,0.01,32,21,3.944444444,0,0,-0.3,-0.04,-0.3,1.35,0,4.55,108.4,154.8,9.21,6.748,6.907
5/29/2023,12:31:12 PM,Trout Bog,BogGhost,719.1,18.9,31.6,0.01,32.1,21,3.944444444,0,0,-0.3,-0.04,-0.3,1.48,0,4.54,108.8,155,9.237,6.767,6.969
5/29/2023,12:31:14 PM,Trout Bog,BogGhost,719.2,19,31.7,0.01,32.1,21,4,0,0,-0.3,-0.04,-0.3,1.54,0,4.54,108.9,154.9,9.261,6.784,6.948
5/29/2023,12:31:16 PM,Trout Bog,BogGhost,719.2,19,31.7,0.01,32.1,21,4,0,0,-0.3,-0.04,-0.3,1.65,0,4.54,108.8,154.6,9.29,6.804,6.997
5/29/2023,12:31:18 PM,Trout Bog,BogGhost,719.2,19,31.7,0.01,32.2,21,4,0,0,-0.3,-0.04,-0.3,1.73,0,4.55,108.6,149,9.313,6.82,6.981
5/29/2023,12:31:20 PM,Trout Bog,BogGhost,719.2,19,31.8,0.01,32.2,21,4,0,0,-0.3,-0.04,-0.3,1.83,0,4.55,108.2,148.3,9.342,6.841,7.056
5/29/2023,12:31:22 PM,Trout Bog,BogGhost,719.2,19.1,31.9,0.01,32.3,21,4,0,0,-0.3,-0.04,-0.3,1.88,0,4.56,107.8,148,9.367,6.859,7.053
5/29/2023,12:31:24 PM,Trout Bog,BogGhost,719.2,19.1,31.9,0.01,32.4,21,4,0,0,-0.3,-0.04,-0.3,1.88,0,4.57,107.4,148.1,9.396,6.879,7.073
5/29/2023,12:31:26 PM,Trout Bog,BogGhost,719.2,19.2,32.1,0.01,32.5,21,4,0,0,-0.3,-0.04,-0.3,1.83,0,4.58,107,148.3,9.425,6.899,7.111
5/29/2023,12:31:28 PM,Trout Bog,BogGhost,719.2,19.3,32.2,0.01,32.6,21,4,0,0,-0.3,-0.04,-0.3,1.79,0,4.58,106.6,148.6,9.455,6.92,7.102
5/29/2023,12:31:30 PM,Trout Bog,BogGhost,719.2,19.4,32.4,0.01,32.8,21,4,0,0,-0.3,-0.04,-0.3,1.77,0,4.59,106.3,149,9.483,6.94,7.155
5/29/2023,12:31:32 PM,Trout Bog,BogGhost,719.2,19.5,32.6,0.01,33,21,4,0,0,-0.3,-0.04,-0.3,1.73,0,4.59,106.1,149.3,9.515,6.962,7.167
5/29/2023,12:31:34 PM,Trout Bog,BogGhost,719.2,19.6,32.8,0.01,33.2,21,4.055555556,0,0,-0.3,-0.04,-0.3,1.69,0,4.49,111.9,149.6,9.543,6.982,7.199
5/29/2023,12:31:36 PM,Trout Bog,BogGhost,719.2,19.7,32.9,0.01,33.4,21,4.055555556,0,0,-0.3,-0.04,-0.3,1.64,0,4.46,113.3,149.8,9.574,7.004,7.215
5/29/2023,12:31:38 PM,Trout Bog,BogGhost,719.2,19.8,33,0.01,33.5,21,4.055555556,0,0,-0.3,-0.04,-0.3,1.64,0,4.45,114,150,9.606,7.026,7.256
5/29/2023,12:31:40 PM,Trout Bog,BogGhost,719.2,19.9,33.2,0.01,33.6,22,4.055555556,0,0,-0.3,-0.04,-0.3,1.64,0,4.44,114.6,150.2,9.637,7.048,7.239
5/29/2023,12:31:42 PM,Trout Bog,BogGhost,719.2,19.9,33.3,0.01,33.7,22,4.055555556,0,0,-0.3,-0.04,-0.3,1.7,0,4.43,115,150.4,9.668,7.07,7.268
5/29/2023,12:31:44 PM,Trout Bog,BogGhost,719.2,20,33.3,0.01,33.8,22,4.055555556,0,0,-0.3,-0.04,-0.3,1.72,0,4.42,115.3,150.7,9.697,7.09,7.248
5/29/2023,12:31:46 PM,Trout Bog,BogGhost,719.2,20,33.4,0.01,33.8,22,4.055555556,0,0,-0.3,-0.04,-0.3,1.72,0,4.42,115.5,151.1,9.728,7.112,7.3
5/29/2023,12:31:48 PM,Trout Bog,BogGhost,719.3,20,33.4,0.01,33.8,22,4.055555556,0,0,-0.3,-0.04,-0.3,1.74,0,4.42,115.7,151.6,9.753,7.13,7.276
5/29/2023,12:31:50 PM,Trout Bog,BogGhost,719.2,20,33.4,0.01,33.8,22,4.055555556,0,0,-0.3,-0.04,-0.3,1.78,0,4.41,115.8,152,9.784,7.151,7.33
5/29/2023,12:31:52 PM,Trout Bog,BogGhost,719.2,20,33.4,0.01,33.8,22,4.055555556,0,0,-0.3,-0.04,-0.3,1.83,0,4.41,115.9,152.4,9.807,7.168,7.316
5/29/2023,12:31:54 PM,Trout Bog,BogGhost,719.2,20,33.3,0.01,33.7,22,4.055555556,0,0,-0.3,-0.04,-0.3,1.84,0,4.41,116,152.8,9.835,7.187,7.329
5/29/2023,12:31:56 PM,Trout Bog,BogGhost,719.2,20,33.3,0.01,33.7,22,4.055555556,0,0,-0.3,-0.04,-0.3,1.84,0,4.41,116.1,153.1,9.86,7.205,7.362
5/29/2023,12:31:58 PM,Trout Bog,BogGhost,719.2,19.9,33.2,0.01,33.6,22,4.055555556,0,0,-0.3,-0.04,-0.3,1.88,0,4.41,116.2,153.4,9.886,7.223,7.364
5/29/2023,12:32:00 PM,Trout Bog,BogGhost,719.2,19.9,33.1,0.01,33.5,22,4.055555556,0,0,-0.3,-0.04,-0.3,1.95,0,4.41,116.3,153.8,9.91,7.24,7.392
5/29/2023,12:32:02 PM,Trout Bog,BogGhost,719.2,19.8,33,0.01,33.5,21,4.055555556,0,0,-0.3,-0.04,-0.3,2.05,0,4.4,116.5,154,9.932,7.255,7.387
5/29/2023,12:32:04 PM,Trout Bog,BogGhost,719.2,19.8,33,0.01,33.4,21,4.055555556,0,0,-0.3,-0.04,-0.3,2.08,0,4.4,116.7,154.3,9.956,7.272,7.426
5/29/2023,12:32:06 PM,Trout Bog,BogGhost,719.2,19.8,33,0.01,33.4,21,4.111111111,0,0,-0.3,-0.04,-0.3,2.19,0,4.4,116.8,154.5,9.979,7.289,7.439
5/29/2023,12:32:08 PM,Trout Bog,BogGhost,719.2,19.8,33,0.01,33.4,21,4.111111111,0,0,-0.3,-0.04,-0.3,2.28,0,4.4,116.8,154.5,10.003,7.306,7.447
5/29/2023,12:32:10 PM,Trout Bog,BogGhost,719.2,19.8,33,0.01,33.4,21,4.111111111,0,0,-0.3,-0.04,-0.3,2.4,0,4.4,116.8,154.5,10.025,7.321,7.48
5/29/2023,12:32:12 PM,Trout Bog,BogGhost,719.2,19.8,33,0.01,33.5,21,4.111111111,0,0,-0.3,-0.04,-0.3,2.53,0,4.4,116.7,154.3,10.049,7.338,7.506
5/29/2023,12:32:14 PM,Trout Bog,BogGhost,719.3,19.9,33,0.01,33.5,21,4.111111111,0,0,-0.3,-0.04,-0.3,2.56,0,4.4,116.6,153.8,10.07,7.353,7.497
5/29/2023,12:32:16 PM,Trout Bog,BogGhost,719.2,19.9,33.1,0.01,33.5,22,4.111111111,0,0,-0.3,-0.04,-0.3,2.58,0,4.41,116.3,153.3,10.094,7.37,7.549
5/29/2023,12:32:18 PM,Trout Bog,BogGhost,719.3,19.9,33.1,0.01,33.6,22,4.111111111,0,0,-0.3,-0.04,-0.3,2.67,0,4.42,115.7,152.7,10.115,7.384,7.52
5/29/2023,12:32:20 PM,Trout Bog,BogGhost,719.1,19.9,33.2,0.01,33.6,22,4.111111111,0,0,-0.3,-0.04,-0.3,2.74,0,4.54,108.9,152.1,10.14,7.402,7.599
5/29/2023,12:32:22 PM,Trout Bog,BogGhost,719.2,20,33.2,0.01,33.6,22,4.166666667,0,0,-0.3,-0.04,-0.3,2.72,0,4.57,107.2,151.4,10.162,7.417,7.586
5/29/2023,12:32:24 PM,Trout Bog,BogGhost,719.2,20,33.2,0.01,33.7,22,4.166666667,0,0,-0.3,-0.04,-0.3,2.82,0,4.58,107,150.6,10.189,7.437,7.617
5/29/2023,12:32:26 PM,Trout Bog,BogGhost,719.3,20,33.3,0.01,33.7,22,4.166666667,0,0,-0.3,-0.04,-0.3,2.86,0,4.58,106.7,149.8,10.212,7.453,7.614
5/29/2023,12:32:28 PM,Trout Bog,BogGhost,719.3,20.1,33.4,0.01,33.8,22,4.166666667,0,0,-0.3,-0.04,-0.3,2.97,0,4.58,106.7,149,10.239,7.471,7.632
5/29/2023,12:32:30 PM,Trout Bog,BogGhost,719.3,20.1,33.4,0.01,33.9,22,4.166666667,0,0,-0.3,-0.04,-0.3,3.13,0,4.58,106.7,148.2,10.263,7.488,7.667
5/29/2023,12:32:32 PM,Trout Bog,BogGhost,719.2,20.2,33.6,0.01,34,22,4.111111111,0,0,-0.3,-0.04,-0.3,3.79,0,4.58,106.6,147.5,10.29,7.507,7.664
5/29/2023,12:32:34 PM,Trout Bog,BogGhost,719.2,20.3,33.8,0.01,34.2,22,4.111111111,0,0,-0.3,-0.04,-0.3,5.29,0,4.59,106.4,146.8,10.313,7.524,7.675
5/29/2023,12:32:36 PM,Trout Bog,BogGhost,719.2,20.4,34,0.01,34.4,22,4.111111111,0,0,-0.3,-0.04,-0.3,6.93,0,4.59,106.3,146.2,10.335,7.539,7.662
5/29/2023,12:32:38 PM,Trout Bog,BogGhost,719.2,20.6,34.2,0.01,34.6,22,4.111111111,0,0,-0.3,-0.04,-0.3,7.47,0,4.59,106.1,145.7,10.36,7.556,7.691
5/29/2023,12:32:40 PM,Trout Bog,BogGhost,719.2,20.7,34.4,0.02,34.9,22,4.111111111,0,0,-0.3,-0.04,-0.3,7.71,0,4.6,105.9,145.2,10.382,7.572,7.688
5/29/2023,12:32:42 PM,Trout Bog,BogGhost,719.2,20.8,34.6,0.02,35,22,4.166666667,0,0,-0.3,-0.04,-0.3,7.83,0,4.6,105.7,144.7,10.403,7.587,7.69
5/29/2023,12:32:44 PM,Trout Bog,BogGhost,719.3,20.9,34.7,0.02,35.1,23,4.166666667,0,0,-0.3,-0.04,-0.4,7.84,0,4.6,105.5,144.3,10.423,7.601,7.687
5/29/2023,12:32:46 PM,Trout Bog,BogGhost,719.2,20.9,34.7,0.02,35.2,23,4.166666667,0,0,-0.3,-0.04,-0.4,7.52,0,4.61,105.2,143.9,10.443,7.615,7.694
5/29/2023,12:32:48 PM,Trout Bog,BogGhost,719.2,20.9,34.8,0.02,35.2,23,4.166666667,0,0,-0.3,-0.05,-0.4,6.6,0,4.62,104.8,143.4,10.459,7.626,7.672
5/29/2023,12:32:50 PM,Trout Bog,BogGhost,719.2,20.9,34.8,0.02,35.2,23,4.166666667,0,0,-0.3,-0.05,-0.4,4.73,0,4.62,104.4,143,10.476,7.638,7.733
5/29/2023,12:32:52 PM,Trout Bog,BogGhost,719.2,20.9,34.8,0.02,35.3,23,4.166666667,0,0,-0.4,-0.05,-0.4,4.2,0,4.63,104,142.6,10.49,7.648,7.698
5/29/2023,12:32:54 PM,Trout Bog,BogGhost,719.2,21,34.9,0.02,35.3,23,4.166666667,0,0,-0.4,-0.05,-0.4,3.95,0,4.64,103.6,142.3,10.505,7.659,7.705
5/29/2023,12:32:56 PM,Trout Bog,BogGhost,719.3,21,34.9,0.02,35.4,23,4.166666667,0,0,-0.3,-0.05,-0.4,3.84,0,4.65,103.2,142,10.518,7.667,7.731
5/29/2023,12:32:58 PM,Trout Bog,BogGhost,719.3,21,35,0.02,35.5,23,4.166666667,0,0,-0.3,-0.05,-0.4,3.83,0,4.65,102.8,141.7,10.53,7.676,7.714
5/29/2023,12:33:00 PM,Trout Bog,BogGhost,719.2,21.1,35.1,0.02,35.5,23,4.166666667,0,0,-0.3,-0.04,-0.4,3.81,0,4.66,102.4,141.4,10.54,7.683,7.739
5/29/2023,12:33:02 PM,Trout Bog,BogGhost,719.2,21.1,35.1,0.02,35.6,23,4.166666667,0,0,-0.3,-0.04,-0.4,3.74,0,4.67,102,141.1,10.548,7.689,7.714
5/29/2023,12:33:04 PM,Trout Bog,BogGhost,719.3,21.1,35.2,0.02,35.6,23,4.166666667,0,0,-0.3,-0.04,-0.4,3.69,0,4.67,101.7,140.9,10.557,7.695,7.748
5/29/2023,12:33:06 PM,Trout Bog,BogGhost,719.2,21.2,35.2,0.02,35.7,23,4.166666667,0,0,-0.3,-0.04,-0.4,3.69,0,4.68,101.4,140.6,10.564,7.7,7.721
5/29/2023,12:33:08 PM,Trout Bog,BogGhost,719.2,21.2,35.2,0.02,35.7,23,4.166666667,0,0,-0.3,-0.04,-0.4,3.63,0,4.68,101.1,140.3,10.569,7.704,7.728
5/29/2023,12:33:10 PM,Trout Bog,BogGhost,719.3,21.2,35.2,0.02,35.7,23,4.166666667,0,0,-0.3,-0.04,-0.4,3.57,0,4.69,100.9,140,10.574,7.707,7.74
5/29/2023,12:33:12 PM,Trout Bog,BogGhost,719.2,21.2,35.3,0.02,35.7,23,4.166666667,0,0,-0.3,-0.04,-0.4,3.56,0,4.69,100.6,139.7,10.578,7.71,7.743
5/29/2023,12:33:14 PM,Trout Bog,BogGhost,719.2,21.2,35.3,0.02,35.7,23,4.166666667,0,0,-0.3,-0.04,-0.4,3.56,0,4.7,100.4,139.4,10.583,7.713,7.721
5/29/2023,12:33:16 PM,Trout Bog,BogGhost,719.2,21.2,35.3,0.02,35.8,23,4.166666667,0,0,-0.3,-0.04,-0.4,3.57,0,4.7,100.2,139.1,10.586,7.715,7.744
5/29/2023,12:33:18 PM,Trout Bog,BogGhost,719.2,21.2,35.3,0.02,35.8,23,4.166666667,0,0,-0.3,-0.04,-0.4,3.61,0,4.7,100,138.8,10.589,7.718,7.722
5/29/2023,12:33:20 PM,Trout Bog,BogGhost,719.3,21.2,35.3,0.02,35.8,23,4.166666667,0,0,-0.3,-0.04,-0.4,3.59,0,4.71,99.7,138.5,10.592,7.72,7.757
5/29/2023,12:33:22 PM,Trout Bog,BogGhost,719.3,21.2,35.3,0.02,35.8,23,4.166666667,0,0,-0.3,-0.04,-0.4,3.62,0,4.71,99.5,138.2,10.593,7.72,7.707
5/29/2023,12:33:24 PM,Trout Bog,BogGhost,719.2,21.2,35.3,0.02,35.8,23,4.166666667,0,0,-0.3,-0.04,-0.4,3.71,0,4.72,99.4,137.9,10.598,7.724,7.764